[
{
  "model": "users.user",
  "pk": 1,
  "fields": {
    "password": "pbkdf2_sha256$600000$4mt1M4x8XcqsrhkmKT8pMN$EdloCJElkskP0i21ZZQInbUo6VzyFYgWIf/JBVfePz8=",
    "last_login": "2025-07-29T09:49:27.530Z",
    "is_superuser": true,
    "username": "isaac",
    "first_name": "",
    "last_name": "",
    "email": "i@gmail.com",
    "is_staff": true,
    "is_active": true,
    "date_joined": "2025-07-16T21:35:58.910Z",
    "role": "",
    "groups": [],
    "user_permissions": []
  }
},
{
  "model": "users.user",
  "pk": 2,
  "fields": {
    "password": "pbkdf2_sha256$600000$1P9QyahkaKcy5ByPSnWshS$X3Y564etMdTohWPzxrSbqW8S5QYHhL8/EEpfrmYR+BM=",
    "last_login": "2025-07-28T20:54:18.635Z",
    "is_superuser": false,
    "username": "Isaac",
    "first_name": "Isaac",
    "last_name": "Nev",
    "email": "Isnevisaac@gmail.com",
    "is_staff": false,
    "is_active": true,
    "date_joined": "2025-07-16T21:39:00Z",
    "role": "analyst",
    "groups": [
      3
    ],
    "user_permissions": [
      97,
      98,
      99,
      100,
      105,
      106,
      107,
      108,
      101,
      102,
      103,
      104,
      109,
      110,
      111,
      112,
      5,
      6,
      7,
      8,
      9,
      10,
      11,
      12,
      61,
      62,
      63,
      64,
      13,
      14,
      15,
      16,
      65,
      66,
      67,
      68,
      17,
      18,
      19,
      20,
      89,
      90,
      91,
      92,
      73,
      74,
      75,
      76,
      69,
      70,
      71,
      72,
      21,
      22,
      23,
      24,
      25,
      26,
      27,
      28,
      29,
      30,
      31,
      32,
      33,
      34,
      35,
      36,
      53,
      54,
      55,
      56,
      81,
      82,
      83,
      84,
      77,
      78,
      79,
      80,
      85,
      86,
      87,
      88,
      57,
      58,
      59,
      60,
      37,
      38,
      39,
      40,
      41,
      42,
      43,
      44,
      45,
      46,
      47,
      48,
      49,
      50,
      51,
      52,
      93,
      94,
      95,
      96,
      1,
      2,
      3,
      4
    ]
  }
},
{
  "model": "users.user",
  "pk": 3,
  "fields": {
    "password": "pbkdf2_sha256$600000$ZSHWlEfYWhvvfuFiriAhPP$DUoYi9WGXfKW77DR0VF0R1KnK26jA3RGZ/xJe4XpOTs=",
    "last_login": "2025-07-29T09:34:52.939Z",
    "is_superuser": false,
    "username": "manager",
    "first_name": "Kehinde",
    "last_name": "Hannah",
    "email": "laboratory@jagee.org",
    "is_staff": false,
    "is_active": true,
    "date_joined": "2025-07-16T21:39:27Z",
    "role": "manager",
    "groups": [
      1
    ],
    "user_permissions": [
      97,
      98,
      99,
      100,
      105,
      106,
      107,
      108,
      101,
      102,
      103,
      104,
      109,
      110,
      111,
      112,
      5,
      6,
      7,
      8,
      9,
      10,
      11,
      12,
      61,
      62,
      63,
      64,
      13,
      14,
      15,
      16,
      65,
      66,
      67,
      68,
      17,
      18,
      19,
      20,
      89,
      90,
      91,
      92,
      73,
      74,
      75,
      76,
      69,
      70,
      71,
      72,
      21,
      22,
      23,
      24,
      25,
      26,
      27,
      28,
      29,
      30,
      31,
      32,
      33,
      34,
      35,
      36,
      53,
      54,
      55,
      56,
      81,
      82,
      83,
      84,
      77,
      78,
      79,
      80,
      85,
      86,
      87,
      88,
      57,
      58,
      59,
      60,
      37,
      38,
      39,
      40,
      41,
      42,
      43,
      44,
      45,
      46,
      47,
      48,
      49,
      50,
      51,
      52,
      93,
      94,
      95,
      96,
      1,
      2,
      3,
      4
    ]
  }
},
{
  "model": "users.user",
  "pk": 4,
  "fields": {
    "password": "pbkdf2_sha256$600000$ozCGKzczjstzTcd0exJVSP$1Q1McrGkEMeN2ke9FLm3J8VctEuC1EP7T1Wjo9CdqfU=",
    "last_login": "2025-07-25T07:23:21.233Z",
    "is_superuser": false,
    "username": "clerk",
    "first_name": "",
    "last_name": "",
    "email": "",
    "is_staff": false,
    "is_active": true,
    "date_joined": "2025-07-16T21:39:50Z",
    "role": "clerk",
    "groups": [
      2
    ],
    "user_permissions": [
      97,
      98,
      99,
      100,
      105,
      106,
      107,
      108,
      101,
      102,
      103,
      104,
      109,
      110,
      111,
      112,
      5,
      6,
      7,
      8,
      9,
      10,
      11,
      12,
      61,
      62,
      63,
      64,
      13,
      14,
      15,
      16,
      65,
      66,
      67,
      68,
      17,
      18,
      19,
      20,
      89,
      90,
      91,
      92,
      73,
      74,
      75,
      76,
      69,
      70,
      71,
      72,
      21,
      22,
      23,
      24,
      25,
      26,
      27,
      28,
      29,
      30,
      31,
      32,
      33,
      34,
      35,
      36,
      53,
      54,
      55,
      56,
      81,
      82,
      83,
      84,
      77,
      78,
      79,
      80,
      85,
      86,
      87,
      88,
      57,
      58,
      59,
      60,
      37,
      38,
      39,
      40,
      41,
      42,
      43,
      44,
      45,
      46,
      47,
      48,
      49,
      50,
      51,
      52,
      93,
      94,
      95,
      96,
      1,
      2,
      3,
      4
    ]
  }
},
{
  "model": "users.user",
  "pk": 5,
  "fields": {
    "password": "pbkdf2_sha256$600000$WvGghjauDKBj5UNcfmZQo3$X+EfLQIP+H5u9tjkXyjm73+cZA7YNwvKsfc/KdDqurQ=",
    "last_login": null,
    "is_superuser": false,
    "username": "Olabisi",
    "first_name": "Olabisi",
    "last_name": "Ojo",
    "email": "olabisifemi01@gmail.com",
    "is_staff": false,
    "is_active": true,
    "date_joined": "2025-07-17T10:24:52Z",
    "role": "analyst",
    "groups": [
      3
    ],
    "user_permissions": [
      97,
      98,
      99,
      100,
      105,
      106,
      107,
      108,
      101,
      102,
      103,
      104,
      109,
      110,
      111,
      112,
      5,
      6,
      7,
      8,
      9,
      10,
      11,
      12,
      61,
      62,
      63,
      64,
      13,
      14,
      15,
      16,
      65,
      66,
      67,
      68,
      17,
      18,
      19,
      20,
      89,
      90,
      91,
      92,
      73,
      74,
      75,
      76,
      69,
      70,
      71,
      72,
      21,
      22,
      23,
      24,
      25,
      26,
      27,
      28,
      29,
      30,
      31,
      32,
      33,
      34,
      35,
      36,
      53,
      54,
      55,
      56,
      81,
      82,
      83,
      84,
      77,
      78,
      79,
      80,
      85,
      86,
      87,
      88,
      57,
      58,
      59,
      60,
      37,
      38,
      39,
      40,
      41,
      42,
      43,
      44,
      45,
      46,
      47,
      48,
      49,
      50,
      51,
      52,
      93,
      94,
      95,
      96,
      1,
      2,
      3,
      4
    ]
  }
},
{
  "model": "users.user",
  "pk": 6,
  "fields": {
    "password": "pbkdf2_sha256$600000$ARjOw1vsrUH6KSWMzZqfvC$K22ww+xN0sUptXIe6am6rFbj/Sk1RSpfFlywVp5xPUE=",
    "last_login": null,
    "is_superuser": false,
    "username": "Stephen",
    "first_name": "Stephen",
    "last_name": "Ibikunle",
    "email": "sibikunle@gmail.com",
    "is_staff": false,
    "is_active": true,
    "date_joined": "2025-07-18T15:32:57Z",
    "role": "analyst",
    "groups": [
      3
    ],
    "user_permissions": [
      97,
      98,
      99,
      100,
      105,
      106,
      107,
      108,
      101,
      102,
      103,
      104,
      109,
      110,
      111,
      112,
      5,
      6,
      7,
      8,
      9,
      10,
      11,
      12,
      61,
      62,
      63,
      64,
      13,
      14,
      15,
      16,
      65,
      66,
      67,
      68,
      17,
      18,
      19,
      20,
      89,
      90,
      91,
      92,
      73,
      74,
      75,
      76,
      69,
      70,
      71,
      72,
      21,
      22,
      23,
      24,
      25,
      26,
      27,
      28,
      29,
      30,
      31,
      32,
      33,
      34,
      35,
      36,
      53,
      54,
      55,
      56,
      81,
      82,
      83,
      84,
      77,
      78,
      79,
      80,
      85,
      86,
      87,
      88,
      57,
      58,
      59,
      60,
      37,
      38,
      39,
      40,
      41,
      42,
      43,
      44,
      45,
      46,
      47,
      48,
      49,
      50,
      51,
      52,
      93,
      94,
      95,
      96,
      1,
      2,
      3,
      4
    ]
  }
},
{
  "model": "lims.historicalclient",
  "pk": 1,
  "fields": {
    "id": 20,
    "client_id": "JGLSP2500116",
    "name": "Isaac Nev",
    "organization": "w",
    "email": "Isnevisaac@gmail.com",
    "phone": "08147154595",
    "address": "Kuelu zone D, Iyana Agbala",
    "token": "JGL-20250723-0001",
    "created": "2025-07-23T11:33:42.230Z",
    "coa_released": false,
    "summary_text": null,
    "summary_confirmed": false,
    "history_date": "2025-07-23T11:33:42.425Z",
    "history_change_reason": null,
    "history_type": "+",
    "history_user": null
  }
},
{
  "model": "lims.historicalclient",
  "pk": 2,
  "fields": {
    "id": 20,
    "client_id": "JGLSP2500116",
    "name": "Isaac Nev",
    "organization": "w",
    "email": "Isnevisaac@gmail.com",
    "phone": "08147154595",
    "address": "Kuelu zone D, Iyana Agbala",
    "token": "JGL-20250723-0001",
    "created": "2025-07-23T11:33:42.230Z",
    "coa_released": true,
    "summary_text": null,
    "summary_confirmed": false,
    "history_date": "2025-07-23T12:16:28.319Z",
    "history_change_reason": null,
    "history_type": "~",
    "history_user": null
  }
},
{
  "model": "lims.historicalclient",
  "pk": 3,
  "fields": {
    "id": 20,
    "client_id": "JGLSP2500116",
    "name": "Isaac Nev",
    "organization": "w",
    "email": "Isnevisac@gmail.com",
    "phone": "08147154595",
    "address": "Kuelu zone D, Iyana Agbala",
    "token": "JGL-20250723-0001",
    "created": "2025-07-23T11:33:42.230Z",
    "coa_released": false,
    "summary_text": null,
    "summary_confirmed": false,
    "history_date": "2025-07-23T19:58:51.044Z",
    "history_change_reason": null,
    "history_type": "~",
    "history_user": null
  }
},
{
  "model": "lims.historicalclient",
  "pk": 4,
  "fields": {
    "id": 20,
    "client_id": "JGLSP2500116",
    "name": "Isaac Nev",
    "organization": "w",
    "email": "Isnevisaac@gmail.com",
    "phone": "08147154595",
    "address": "Kuelu zone D, Iyana Agbala",
    "token": "JGL-20250723-0001",
    "created": "2025-07-23T11:33:42.230Z",
    "coa_released": false,
    "summary_text": null,
    "summary_confirmed": false,
    "history_date": "2025-07-23T19:59:03.004Z",
    "history_change_reason": null,
    "history_type": "~",
    "history_user": null
  }
},
{
  "model": "lims.historicalclient",
  "pk": 5,
  "fields": {
    "id": 20,
    "client_id": "JGLSP2500116",
    "name": "Isaac Nev",
    "organization": "w",
    "email": "Isnevisaac@gmail.com",
    "phone": "08147154595",
    "address": "Kuelu zone D, Iyana Agbala",
    "token": "JGL-20250723-0001",
    "created": "2025-07-23T11:33:42.230Z",
    "coa_released": true,
    "summary_text": null,
    "summary_confirmed": false,
    "history_date": "2025-07-23T20:01:37.380Z",
    "history_change_reason": null,
    "history_type": "~",
    "history_user": null
  }
},
{
  "model": "lims.historicalclient",
  "pk": 6,
  "fields": {
    "id": 21,
    "client_id": "JGLSP2500117",
    "name": "Isaac Nev",
    "organization": "1234",
    "email": "Isnevisaac@gmail.com",
    "phone": "08147154595",
    "address": "Kuelu zone D, Iyana Agbala",
    "token": "JGL-20250724-0001",
    "created": "2025-07-24T08:23:09.692Z",
    "coa_released": false,
    "summary_text": null,
    "summary_confirmed": false,
    "history_date": "2025-07-24T08:23:09.872Z",
    "history_change_reason": null,
    "history_type": "+",
    "history_user": 4
  }
},
{
  "model": "lims.historicalclient",
  "pk": 7,
  "fields": {
    "id": 22,
    "client_id": "JGLSP2500118",
    "name": "Isaac Nev",
    "organization": "12",
    "email": "Isvisaac@gmail.com",
    "phone": "08147154595",
    "address": "Kuelu zone D, Iyana Agbala",
    "token": "JGL-20250724-0002",
    "created": "2025-07-24T08:52:52.797Z",
    "coa_released": false,
    "summary_text": null,
    "summary_confirmed": false,
    "history_date": "2025-07-24T08:52:53.331Z",
    "history_change_reason": null,
    "history_type": "+",
    "history_user": 4
  }
},
{
  "model": "lims.historicalclient",
  "pk": 8,
  "fields": {
    "id": 23,
    "client_id": "JGLSP2500119",
    "name": "Mr Akindele",
    "organization": "ABC Limited",
    "email": "Isnevisaac@gmail.com",
    "phone": "1234567",
    "address": "Morocco",
    "token": "JGL-20250724-0003",
    "created": "2025-07-24T12:20:17.997Z",
    "coa_released": false,
    "summary_text": null,
    "summary_confirmed": false,
    "history_date": "2025-07-24T12:20:18.153Z",
    "history_change_reason": null,
    "history_type": "+",
    "history_user": 4
  }
},
{
  "model": "lims.historicalclient",
  "pk": 9,
  "fields": {
    "id": 22,
    "client_id": "JGLSP2500118",
    "name": "Isaac Nev",
    "organization": "12",
    "email": "Isvisaac@gmail.com",
    "phone": "08147154595",
    "address": "Kuelu zone D, Iyana Agbala",
    "token": "JGL-20250724-0002",
    "created": "2025-07-24T08:52:52.797Z",
    "coa_released": false,
    "summary_text": null,
    "summary_confirmed": false,
    "history_date": "2025-07-24T21:35:10.387Z",
    "history_change_reason": null,
    "history_type": "-",
    "history_user": 1
  }
},
{
  "model": "lims.historicalclient",
  "pk": 10,
  "fields": {
    "id": 21,
    "client_id": "JGLSP2500117",
    "name": "Isaac Nev",
    "organization": "1234",
    "email": "Isnevisaac@gmail.com",
    "phone": "08147154595",
    "address": "Kuelu zone D, Iyana Agbala",
    "token": "JGL-20250724-0001",
    "created": "2025-07-24T08:23:09.692Z",
    "coa_released": false,
    "summary_text": null,
    "summary_confirmed": false,
    "history_date": "2025-07-24T21:35:10.387Z",
    "history_change_reason": null,
    "history_type": "-",
    "history_user": 1
  }
},
{
  "model": "lims.historicalclient",
  "pk": 11,
  "fields": {
    "id": 20,
    "client_id": "JGLSP2500116",
    "name": "Isaac Nev",
    "organization": "w",
    "email": "Isnevisaac@gmail.com",
    "phone": "08147154595",
    "address": "Kuelu zone D, Iyana Agbala",
    "token": "JGL-20250723-0001",
    "created": "2025-07-23T11:33:42.230Z",
    "coa_released": true,
    "summary_text": null,
    "summary_confirmed": false,
    "history_date": "2025-07-24T21:35:10.396Z",
    "history_change_reason": null,
    "history_type": "-",
    "history_user": 1
  }
},
{
  "model": "lims.historicalclient",
  "pk": 12,
  "fields": {
    "id": 24,
    "client_id": "JGLSP2500120",
    "name": "Isaac Nev",
    "organization": "qq",
    "email": "Isnevisaaqq@gmail.com",
    "phone": "08147154595",
    "address": "Kuelu zone D, Iyana Agbala",
    "token": "JGL-20250724-0002",
    "created": "2025-07-24T21:36:04.025Z",
    "coa_released": false,
    "summary_text": null,
    "summary_confirmed": false,
    "history_date": "2025-07-24T21:36:04.226Z",
    "history_change_reason": null,
    "history_type": "+",
    "history_user": 4
  }
},
{
  "model": "lims.historicalclient",
  "pk": 13,
  "fields": {
    "id": 24,
    "client_id": "JGLSP2500120",
    "name": "Isaac Nev",
    "organization": "qq",
    "email": "Isnevisaaqq@gmail.com",
    "phone": "08147154595",
    "address": "Kuelu zone D, Iyana Agbala",
    "token": "JGL-20250724-0002",
    "created": "2025-07-24T21:36:04.025Z",
    "coa_released": false,
    "summary_text": null,
    "summary_confirmed": false,
    "history_date": "2025-07-24T21:45:28.535Z",
    "history_change_reason": null,
    "history_type": "-",
    "history_user": 1
  }
},
{
  "model": "lims.historicalclient",
  "pk": 14,
  "fields": {
    "id": 25,
    "client_id": "JGLSP2500120",
    "name": "Isaac Nev",
    "organization": "XYZ Limited",
    "email": "Isnevsaac@gmail.com",
    "phone": "08147154595",
    "address": "Kuelu zone D, Iyana Agbala",
    "token": "JGL-20250725-0001",
    "created": "2025-07-25T07:24:42.093Z",
    "coa_released": false,
    "summary_text": null,
    "summary_confirmed": false,
    "history_date": "2025-07-25T07:24:42.432Z",
    "history_change_reason": null,
    "history_type": "+",
    "history_user": 4
  }
},
{
  "model": "lims.client",
  "pk": 16,
  "fields": {
    "client_id": "JGLSP2500112",
    "name": "Omotayo Odeniyi",
    "organization": "NIOMR",
    "email": "tyndunam@gmail.com",
    "phone": "09065962958",
    "address": "No 3, Wilmot road, VI, Lagos",
    "token": "JGL-20250718-0001",
    "created": "2025-07-18T15:15:01.501Z",
    "coa_released": false,
    "summary_text": null,
    "summary_confirmed": false
  }
},
{
  "model": "lims.client",
  "pk": 17,
  "fields": {
    "client_id": "JGLSP2500113",
    "name": "Agbaje Dare Adebowale",
    "organization": "Eminent International Nigeria Limited",
    "email": "adebowaleagbaje@gmail.com",
    "phone": "07039172664",
    "address": "Ido, Eruwa Road, Koguwo, Ibadan",
    "token": "JGL-20250718-0002",
    "created": "2025-07-18T15:20:15.239Z",
    "coa_released": false,
    "summary_text": null,
    "summary_confirmed": false
  }
},
{
  "model": "lims.client",
  "pk": 18,
  "fields": {
    "client_id": "JGLSP2500114",
    "name": "Khadus",
    "organization": "Khadus",
    "email": "k@gmail.com",
    "phone": "07032241543",
    "address": "Lagos",
    "token": "JGL-20250718-0003",
    "created": "2025-07-18T15:24:27.912Z",
    "coa_released": false,
    "summary_text": null,
    "summary_confirmed": false
  }
},
{
  "model": "lims.client",
  "pk": 19,
  "fields": {
    "client_id": "JGLSP2500115",
    "name": "Ace Farm and Feedmill",
    "organization": "Ace Farm and Feedmill",
    "email": "Isnevisaac@gmail.com",
    "phone": "08147133907",
    "address": "KM 12, Ijebu Ode-Ibadan Road, Idi Ayunre, Ibadan",
    "token": "JGL-20250718-0004",
    "created": "2025-07-18T15:27:45.115Z",
    "coa_released": true,
    "summary_text": null,
    "summary_confirmed": false
  }
},
{
  "model": "lims.client",
  "pk": 23,
  "fields": {
    "client_id": "JGLSP2500119",
    "name": "Mr Akindele",
    "organization": "ABC Limited",
    "email": "Isnevisaac@gmail.com",
    "phone": "1234567",
    "address": "Morocco",
    "token": "JGL-20250724-0003",
    "created": "2025-07-24T12:20:17.997Z",
    "coa_released": false,
    "summary_text": null,
    "summary_confirmed": false
  }
},
{
  "model": "lims.client",
  "pk": 25,
  "fields": {
    "client_id": "JGLSP2500120",
    "name": "Isaac Nev",
    "organization": "XYZ Limited",
    "email": "Isnevsaac@gmail.com",
    "phone": "08147154595",
    "address": "Kuelu zone D, Iyana Agbala",
    "token": "JGL-20250725-0001",
    "created": "2025-07-25T07:24:42.093Z",
    "coa_released": false,
    "summary_text": null,
    "summary_confirmed": false
  }
},
{
  "model": "lims.historicalsample",
  "pk": 1,
  "fields": {
    "id": 9,
    "sample_code": "A",
    "sample_type": "Feed",
    "weight": "6.00",
    "temperature": null,
    "humidity": null,
    "status": "received",
    "received_date": "2025-07-23",
    "verified_at": null,
    "coa_released": false,
    "manager_comment": null,
    "client": 20,
    "history_date": "2025-07-23T11:33:42.808Z",
    "history_change_reason": null,
    "history_type": "+",
    "history_user": null
  }
},
{
  "model": "lims.historicalsample",
  "pk": 2,
  "fields": {
    "id": 9,
    "sample_code": "A",
    "sample_type": "Feed",
    "weight": "6.00",
    "temperature": null,
    "humidity": null,
    "status": "assigned",
    "received_date": "2025-07-23",
    "verified_at": null,
    "coa_released": false,
    "manager_comment": null,
    "client": 20,
    "history_date": "2025-07-23T11:34:38.191Z",
    "history_change_reason": null,
    "history_type": "~",
    "history_user": null
  }
},
{
  "model": "lims.historicalsample",
  "pk": 3,
  "fields": {
    "id": 10,
    "sample_code": "QC-JGLSP2500116-PRO",
    "sample_type": "qc",
    "weight": "0.00",
    "temperature": null,
    "humidity": null,
    "status": "assigned",
    "received_date": "2025-07-23",
    "verified_at": null,
    "coa_released": false,
    "manager_comment": null,
    "client": 20,
    "history_date": "2025-07-23T11:34:51.273Z",
    "history_change_reason": null,
    "history_type": "+",
    "history_user": null
  }
},
{
  "model": "lims.historicalsample",
  "pk": 4,
  "fields": {
    "id": 9,
    "sample_code": "A",
    "sample_type": "Feed",
    "weight": "6.00",
    "temperature": null,
    "humidity": null,
    "status": "under_review",
    "received_date": "2025-07-23",
    "verified_at": null,
    "coa_released": false,
    "manager_comment": null,
    "client": 20,
    "history_date": "2025-07-23T11:35:44.024Z",
    "history_change_reason": null,
    "history_type": "~",
    "history_user": null
  }
},
{
  "model": "lims.historicalsample",
  "pk": 5,
  "fields": {
    "id": 10,
    "sample_code": "QC-JGLSP2500116-PRO",
    "sample_type": "qc",
    "weight": "0.00",
    "temperature": null,
    "humidity": null,
    "status": "under_review",
    "received_date": "2025-07-23",
    "verified_at": null,
    "coa_released": false,
    "manager_comment": null,
    "client": 20,
    "history_date": "2025-07-23T11:35:44.024Z",
    "history_change_reason": null,
    "history_type": "~",
    "history_user": null
  }
},
{
  "model": "lims.historicalsample",
  "pk": 6,
  "fields": {
    "id": 10,
    "sample_code": "QC-JGLSP2500116-PRO",
    "sample_type": "qc",
    "weight": "0.00",
    "temperature": null,
    "humidity": null,
    "status": "approved",
    "received_date": "2025-07-23",
    "verified_at": "2025-07-23T11:37:34.832Z",
    "coa_released": false,
    "manager_comment": null,
    "client": 20,
    "history_date": "2025-07-23T11:37:35.195Z",
    "history_change_reason": null,
    "history_type": "~",
    "history_user": null
  }
},
{
  "model": "lims.historicalsample",
  "pk": 7,
  "fields": {
    "id": 9,
    "sample_code": "A",
    "sample_type": "Feed",
    "weight": "6.00",
    "temperature": null,
    "humidity": null,
    "status": "approved",
    "received_date": "2025-07-23",
    "verified_at": "2025-07-23T11:38:00.085Z",
    "coa_released": false,
    "manager_comment": null,
    "client": 20,
    "history_date": "2025-07-23T11:38:00.209Z",
    "history_change_reason": null,
    "history_type": "~",
    "history_user": null
  }
},
{
  "model": "lims.historicalsample",
  "pk": 8,
  "fields": {
    "id": 11,
    "sample_code": "A",
    "sample_type": "Blood meal",
    "weight": "5.00",
    "temperature": null,
    "humidity": null,
    "status": "received",
    "received_date": "2025-07-24",
    "verified_at": null,
    "coa_released": false,
    "manager_comment": null,
    "client": 21,
    "history_date": "2025-07-24T08:23:10.154Z",
    "history_change_reason": null,
    "history_type": "+",
    "history_user": 4
  }
},
{
  "model": "lims.historicalsample",
  "pk": 9,
  "fields": {
    "id": 12,
    "sample_code": "11",
    "sample_type": "we",
    "weight": "2.00",
    "temperature": null,
    "humidity": null,
    "status": "received",
    "received_date": "2025-07-24",
    "verified_at": null,
    "coa_released": false,
    "manager_comment": null,
    "client": 22,
    "history_date": "2025-07-24T08:52:53.868Z",
    "history_change_reason": null,
    "history_type": "+",
    "history_user": 4
  }
},
{
  "model": "lims.historicalsample",
  "pk": 10,
  "fields": {
    "id": 13,
    "sample_code": "A",
    "sample_type": "Feed",
    "weight": "4.00",
    "temperature": null,
    "humidity": null,
    "status": "received",
    "received_date": "2025-07-24",
    "verified_at": null,
    "coa_released": false,
    "manager_comment": null,
    "client": 23,
    "history_date": "2025-07-24T12:20:18.424Z",
    "history_change_reason": null,
    "history_type": "+",
    "history_user": 4
  }
},
{
  "model": "lims.historicalsample",
  "pk": 11,
  "fields": {
    "id": 14,
    "sample_code": "B",
    "sample_type": "Feed",
    "weight": "5.00",
    "temperature": null,
    "humidity": null,
    "status": "received",
    "received_date": "2025-07-24",
    "verified_at": null,
    "coa_released": false,
    "manager_comment": null,
    "client": 23,
    "history_date": "2025-07-24T12:20:20.241Z",
    "history_change_reason": null,
    "history_type": "+",
    "history_user": 4
  }
},
{
  "model": "lims.historicalsample",
  "pk": 12,
  "fields": {
    "id": 15,
    "sample_code": "C",
    "sample_type": "Feed",
    "weight": "8.00",
    "temperature": null,
    "humidity": null,
    "status": "received",
    "received_date": "2025-07-24",
    "verified_at": null,
    "coa_released": false,
    "manager_comment": null,
    "client": 23,
    "history_date": "2025-07-24T12:20:22.052Z",
    "history_change_reason": null,
    "history_type": "+",
    "history_user": 4
  }
},
{
  "model": "lims.historicalsample",
  "pk": 13,
  "fields": {
    "id": 16,
    "sample_code": "D",
    "sample_type": "feed",
    "weight": "10.00",
    "temperature": null,
    "humidity": null,
    "status": "received",
    "received_date": "2025-07-24",
    "verified_at": null,
    "coa_released": false,
    "manager_comment": null,
    "client": 23,
    "history_date": "2025-07-24T12:20:24.095Z",
    "history_change_reason": null,
    "history_type": "+",
    "history_user": 4
  }
},
{
  "model": "lims.historicalsample",
  "pk": 14,
  "fields": {
    "id": 17,
    "sample_code": "E",
    "sample_type": "feed",
    "weight": "45.00",
    "temperature": null,
    "humidity": null,
    "status": "received",
    "received_date": "2025-07-24",
    "verified_at": null,
    "coa_released": false,
    "manager_comment": null,
    "client": 23,
    "history_date": "2025-07-24T12:20:26.507Z",
    "history_change_reason": null,
    "history_type": "+",
    "history_user": 4
  }
},
{
  "model": "lims.historicalsample",
  "pk": 15,
  "fields": {
    "id": 12,
    "sample_code": "11",
    "sample_type": "we",
    "weight": "2.00",
    "temperature": null,
    "humidity": null,
    "status": "assigned",
    "received_date": "2025-07-24",
    "verified_at": null,
    "coa_released": false,
    "manager_comment": null,
    "client": 22,
    "history_date": "2025-07-24T20:44:08.914Z",
    "history_change_reason": null,
    "history_type": "~",
    "history_user": 1
  }
},
{
  "model": "lims.historicalsample",
  "pk": 16,
  "fields": {
    "id": 18,
    "sample_code": "QC-JGLSP2500118-ASH",
    "sample_type": "qc",
    "weight": "0.00",
    "temperature": null,
    "humidity": null,
    "status": "assigned",
    "received_date": "2025-07-24",
    "verified_at": null,
    "coa_released": false,
    "manager_comment": null,
    "client": 22,
    "history_date": "2025-07-24T20:44:09.058Z",
    "history_change_reason": null,
    "history_type": "+",
    "history_user": 1
  }
},
{
  "model": "lims.historicalsample",
  "pk": 17,
  "fields": {
    "id": 19,
    "sample_code": "QC-JGLSP2500118-ASH-1",
    "sample_type": "qc",
    "weight": "0.00",
    "temperature": null,
    "humidity": null,
    "status": "assigned",
    "received_date": "2025-07-24",
    "verified_at": null,
    "coa_released": false,
    "manager_comment": null,
    "client": 22,
    "history_date": "2025-07-24T20:44:23.096Z",
    "history_change_reason": null,
    "history_type": "+",
    "history_user": 1
  }
},
{
  "model": "lims.historicalsample",
  "pk": 18,
  "fields": {
    "id": 20,
    "sample_code": "QC-JGLSP2500118-ASH-2",
    "sample_type": "qc",
    "weight": "0.00",
    "temperature": null,
    "humidity": null,
    "status": "assigned",
    "received_date": "2025-07-24",
    "verified_at": null,
    "coa_released": false,
    "manager_comment": null,
    "client": 22,
    "history_date": "2025-07-24T20:45:56.620Z",
    "history_change_reason": null,
    "history_type": "+",
    "history_user": 1
  }
},
{
  "model": "lims.historicalsample",
  "pk": 19,
  "fields": {
    "id": 21,
    "sample_code": "QC-JGLSP2500118-ASH-3",
    "sample_type": "qc",
    "weight": "0.00",
    "temperature": null,
    "humidity": null,
    "status": "assigned",
    "received_date": "2025-07-24",
    "verified_at": null,
    "coa_released": false,
    "manager_comment": null,
    "client": 22,
    "history_date": "2025-07-24T20:56:16.563Z",
    "history_change_reason": null,
    "history_type": "+",
    "history_user": 1
  }
},
{
  "model": "lims.historicalsample",
  "pk": 20,
  "fields": {
    "id": 22,
    "sample_code": "QC-JGLSP2500118-ASH-4",
    "sample_type": "qc",
    "weight": "0.00",
    "temperature": null,
    "humidity": null,
    "status": "assigned",
    "received_date": "2025-07-24",
    "verified_at": null,
    "coa_released": false,
    "manager_comment": null,
    "client": 22,
    "history_date": "2025-07-24T20:57:03.028Z",
    "history_change_reason": null,
    "history_type": "+",
    "history_user": 1
  }
},
{
  "model": "lims.historicalsample",
  "pk": 21,
  "fields": {
    "id": 23,
    "sample_code": "QC-JGLSP2500118-CRU",
    "sample_type": "qc",
    "weight": "0.00",
    "temperature": null,
    "humidity": null,
    "status": "assigned",
    "received_date": "2025-07-24",
    "verified_at": null,
    "coa_released": false,
    "manager_comment": null,
    "client": 22,
    "history_date": "2025-07-24T20:57:40.188Z",
    "history_change_reason": null,
    "history_type": "+",
    "history_user": 1
  }
},
{
  "model": "lims.historicalsample",
  "pk": 22,
  "fields": {
    "id": 24,
    "sample_code": "QC-JGLSP2500118-PRO",
    "sample_type": "qc",
    "weight": "0.00",
    "temperature": null,
    "humidity": null,
    "status": "assigned",
    "received_date": "2025-07-24",
    "verified_at": null,
    "coa_released": false,
    "manager_comment": null,
    "client": 22,
    "history_date": "2025-07-24T20:58:37.655Z",
    "history_change_reason": null,
    "history_type": "+",
    "history_user": 1
  }
},
{
  "model": "lims.historicalsample",
  "pk": 23,
  "fields": {
    "id": 11,
    "sample_code": "A",
    "sample_type": "Blood meal",
    "weight": "5.00",
    "temperature": null,
    "humidity": null,
    "status": "assigned",
    "received_date": "2025-07-24",
    "verified_at": null,
    "coa_released": false,
    "manager_comment": null,
    "client": 21,
    "history_date": "2025-07-24T21:22:38.100Z",
    "history_change_reason": null,
    "history_type": "~",
    "history_user": 4
  }
},
{
  "model": "lims.historicalsample",
  "pk": 24,
  "fields": {
    "id": 25,
    "sample_code": "QC-JGLSP2500117-ASH",
    "sample_type": "qc",
    "weight": "0.00",
    "temperature": null,
    "humidity": null,
    "status": "assigned",
    "received_date": "2025-07-24",
    "verified_at": null,
    "coa_released": false,
    "manager_comment": null,
    "client": 21,
    "history_date": "2025-07-24T21:22:38.292Z",
    "history_change_reason": null,
    "history_type": "+",
    "history_user": 4
  }
},
{
  "model": "lims.historicalsample",
  "pk": 25,
  "fields": {
    "id": 26,
    "sample_code": "QC-JGLSP2500117-MOI",
    "sample_type": "qc",
    "weight": "0.00",
    "temperature": null,
    "humidity": null,
    "status": "assigned",
    "received_date": "2025-07-24",
    "verified_at": null,
    "coa_released": false,
    "manager_comment": null,
    "client": 21,
    "history_date": "2025-07-24T21:22:54.036Z",
    "history_change_reason": null,
    "history_type": "+",
    "history_user": 4
  }
},
{
  "model": "lims.historicalsample",
  "pk": 26,
  "fields": {
    "id": 27,
    "sample_code": "QC-JGLSP2500117-CRU",
    "sample_type": "qc",
    "weight": "0.00",
    "temperature": null,
    "humidity": null,
    "status": "assigned",
    "received_date": "2025-07-24",
    "verified_at": null,
    "coa_released": false,
    "manager_comment": null,
    "client": 21,
    "history_date": "2025-07-24T21:23:11.789Z",
    "history_change_reason": null,
    "history_type": "+",
    "history_user": 4
  }
},
{
  "model": "lims.historicalsample",
  "pk": 27,
  "fields": {
    "id": 28,
    "sample_code": "QC-JGLSP2500117-CRU-1",
    "sample_type": "qc",
    "weight": "0.00",
    "temperature": null,
    "humidity": null,
    "status": "assigned",
    "received_date": "2025-07-24",
    "verified_at": null,
    "coa_released": false,
    "manager_comment": null,
    "client": 21,
    "history_date": "2025-07-24T21:24:03.589Z",
    "history_change_reason": null,
    "history_type": "+",
    "history_user": 4
  }
},
{
  "model": "lims.historicalsample",
  "pk": 28,
  "fields": {
    "id": 29,
    "sample_code": "QC-JGLSP2500117-PRO",
    "sample_type": "qc",
    "weight": "0.00",
    "temperature": null,
    "humidity": null,
    "status": "assigned",
    "received_date": "2025-07-24",
    "verified_at": null,
    "coa_released": false,
    "manager_comment": null,
    "client": 21,
    "history_date": "2025-07-24T21:24:20.156Z",
    "history_change_reason": null,
    "history_type": "+",
    "history_user": 4
  }
},
{
  "model": "lims.historicalsample",
  "pk": 29,
  "fields": {
    "id": 29,
    "sample_code": "QC-JGLSP2500117-PRO",
    "sample_type": "qc",
    "weight": "0.00",
    "temperature": null,
    "humidity": null,
    "status": "assigned",
    "received_date": "2025-07-24",
    "verified_at": null,
    "coa_released": false,
    "manager_comment": null,
    "client": 21,
    "history_date": "2025-07-24T21:35:10.306Z",
    "history_change_reason": null,
    "history_type": "-",
    "history_user": 1
  }
},
{
  "model": "lims.historicalsample",
  "pk": 30,
  "fields": {
    "id": 28,
    "sample_code": "QC-JGLSP2500117-CRU-1",
    "sample_type": "qc",
    "weight": "0.00",
    "temperature": null,
    "humidity": null,
    "status": "assigned",
    "received_date": "2025-07-24",
    "verified_at": null,
    "coa_released": false,
    "manager_comment": null,
    "client": 21,
    "history_date": "2025-07-24T21:35:10.306Z",
    "history_change_reason": null,
    "history_type": "-",
    "history_user": 1
  }
},
{
  "model": "lims.historicalsample",
  "pk": 31,
  "fields": {
    "id": 27,
    "sample_code": "QC-JGLSP2500117-CRU",
    "sample_type": "qc",
    "weight": "0.00",
    "temperature": null,
    "humidity": null,
    "status": "assigned",
    "received_date": "2025-07-24",
    "verified_at": null,
    "coa_released": false,
    "manager_comment": null,
    "client": 21,
    "history_date": "2025-07-24T21:35:10.306Z",
    "history_change_reason": null,
    "history_type": "-",
    "history_user": 1
  }
},
{
  "model": "lims.historicalsample",
  "pk": 32,
  "fields": {
    "id": 26,
    "sample_code": "QC-JGLSP2500117-MOI",
    "sample_type": "qc",
    "weight": "0.00",
    "temperature": null,
    "humidity": null,
    "status": "assigned",
    "received_date": "2025-07-24",
    "verified_at": null,
    "coa_released": false,
    "manager_comment": null,
    "client": 21,
    "history_date": "2025-07-24T21:35:10.311Z",
    "history_change_reason": null,
    "history_type": "-",
    "history_user": 1
  }
},
{
  "model": "lims.historicalsample",
  "pk": 33,
  "fields": {
    "id": 25,
    "sample_code": "QC-JGLSP2500117-ASH",
    "sample_type": "qc",
    "weight": "0.00",
    "temperature": null,
    "humidity": null,
    "status": "assigned",
    "received_date": "2025-07-24",
    "verified_at": null,
    "coa_released": false,
    "manager_comment": null,
    "client": 21,
    "history_date": "2025-07-24T21:35:10.331Z",
    "history_change_reason": null,
    "history_type": "-",
    "history_user": 1
  }
},
{
  "model": "lims.historicalsample",
  "pk": 34,
  "fields": {
    "id": 24,
    "sample_code": "QC-JGLSP2500118-PRO",
    "sample_type": "qc",
    "weight": "0.00",
    "temperature": null,
    "humidity": null,
    "status": "assigned",
    "received_date": "2025-07-24",
    "verified_at": null,
    "coa_released": false,
    "manager_comment": null,
    "client": 22,
    "history_date": "2025-07-24T21:35:10.336Z",
    "history_change_reason": null,
    "history_type": "-",
    "history_user": 1
  }
},
{
  "model": "lims.historicalsample",
  "pk": 35,
  "fields": {
    "id": 23,
    "sample_code": "QC-JGLSP2500118-CRU",
    "sample_type": "qc",
    "weight": "0.00",
    "temperature": null,
    "humidity": null,
    "status": "assigned",
    "received_date": "2025-07-24",
    "verified_at": null,
    "coa_released": false,
    "manager_comment": null,
    "client": 22,
    "history_date": "2025-07-24T21:35:10.336Z",
    "history_change_reason": null,
    "history_type": "-",
    "history_user": 1
  }
},
{
  "model": "lims.historicalsample",
  "pk": 36,
  "fields": {
    "id": 22,
    "sample_code": "QC-JGLSP2500118-ASH-4",
    "sample_type": "qc",
    "weight": "0.00",
    "temperature": null,
    "humidity": null,
    "status": "assigned",
    "received_date": "2025-07-24",
    "verified_at": null,
    "coa_released": false,
    "manager_comment": null,
    "client": 22,
    "history_date": "2025-07-24T21:35:10.346Z",
    "history_change_reason": null,
    "history_type": "-",
    "history_user": 1
  }
},
{
  "model": "lims.historicalsample",
  "pk": 37,
  "fields": {
    "id": 21,
    "sample_code": "QC-JGLSP2500118-ASH-3",
    "sample_type": "qc",
    "weight": "0.00",
    "temperature": null,
    "humidity": null,
    "status": "assigned",
    "received_date": "2025-07-24",
    "verified_at": null,
    "coa_released": false,
    "manager_comment": null,
    "client": 22,
    "history_date": "2025-07-24T21:35:10.350Z",
    "history_change_reason": null,
    "history_type": "-",
    "history_user": 1
  }
},
{
  "model": "lims.historicalsample",
  "pk": 38,
  "fields": {
    "id": 20,
    "sample_code": "QC-JGLSP2500118-ASH-2",
    "sample_type": "qc",
    "weight": "0.00",
    "temperature": null,
    "humidity": null,
    "status": "assigned",
    "received_date": "2025-07-24",
    "verified_at": null,
    "coa_released": false,
    "manager_comment": null,
    "client": 22,
    "history_date": "2025-07-24T21:35:10.356Z",
    "history_change_reason": null,
    "history_type": "-",
    "history_user": 1
  }
},
{
  "model": "lims.historicalsample",
  "pk": 39,
  "fields": {
    "id": 19,
    "sample_code": "QC-JGLSP2500118-ASH-1",
    "sample_type": "qc",
    "weight": "0.00",
    "temperature": null,
    "humidity": null,
    "status": "assigned",
    "received_date": "2025-07-24",
    "verified_at": null,
    "coa_released": false,
    "manager_comment": null,
    "client": 22,
    "history_date": "2025-07-24T21:35:10.356Z",
    "history_change_reason": null,
    "history_type": "-",
    "history_user": 1
  }
},
{
  "model": "lims.historicalsample",
  "pk": 40,
  "fields": {
    "id": 18,
    "sample_code": "QC-JGLSP2500118-ASH",
    "sample_type": "qc",
    "weight": "0.00",
    "temperature": null,
    "humidity": null,
    "status": "assigned",
    "received_date": "2025-07-24",
    "verified_at": null,
    "coa_released": false,
    "manager_comment": null,
    "client": 22,
    "history_date": "2025-07-24T21:35:10.361Z",
    "history_change_reason": null,
    "history_type": "-",
    "history_user": 1
  }
},
{
  "model": "lims.historicalsample",
  "pk": 41,
  "fields": {
    "id": 12,
    "sample_code": "11",
    "sample_type": "we",
    "weight": "2.00",
    "temperature": null,
    "humidity": null,
    "status": "assigned",
    "received_date": "2025-07-24",
    "verified_at": null,
    "coa_released": false,
    "manager_comment": null,
    "client": 22,
    "history_date": "2025-07-24T21:35:10.366Z",
    "history_change_reason": null,
    "history_type": "-",
    "history_user": 1
  }
},
{
  "model": "lims.historicalsample",
  "pk": 42,
  "fields": {
    "id": 11,
    "sample_code": "A",
    "sample_type": "Blood meal",
    "weight": "5.00",
    "temperature": null,
    "humidity": null,
    "status": "assigned",
    "received_date": "2025-07-24",
    "verified_at": null,
    "coa_released": false,
    "manager_comment": null,
    "client": 21,
    "history_date": "2025-07-24T21:35:10.369Z",
    "history_change_reason": null,
    "history_type": "-",
    "history_user": 1
  }
},
{
  "model": "lims.historicalsample",
  "pk": 43,
  "fields": {
    "id": 10,
    "sample_code": "QC-JGLSP2500116-PRO",
    "sample_type": "qc",
    "weight": "0.00",
    "temperature": null,
    "humidity": null,
    "status": "approved",
    "received_date": "2025-07-23",
    "verified_at": "2025-07-23T11:37:34.832Z",
    "coa_released": false,
    "manager_comment": null,
    "client": 20,
    "history_date": "2025-07-24T21:35:10.376Z",
    "history_change_reason": null,
    "history_type": "-",
    "history_user": 1
  }
},
{
  "model": "lims.historicalsample",
  "pk": 44,
  "fields": {
    "id": 9,
    "sample_code": "A",
    "sample_type": "Feed",
    "weight": "6.00",
    "temperature": null,
    "humidity": null,
    "status": "approved",
    "received_date": "2025-07-23",
    "verified_at": "2025-07-23T11:38:00.085Z",
    "coa_released": true,
    "manager_comment": null,
    "client": 20,
    "history_date": "2025-07-24T21:35:10.376Z",
    "history_change_reason": null,
    "history_type": "-",
    "history_user": 1
  }
},
{
  "model": "lims.historicalsample",
  "pk": 45,
  "fields": {
    "id": 30,
    "sample_code": "A",
    "sample_type": "y",
    "weight": "6.00",
    "temperature": null,
    "humidity": null,
    "status": "received",
    "received_date": "2025-07-24",
    "verified_at": null,
    "coa_released": false,
    "manager_comment": null,
    "client": 24,
    "history_date": "2025-07-24T21:36:04.687Z",
    "history_change_reason": null,
    "history_type": "+",
    "history_user": 4
  }
},
{
  "model": "lims.historicalsample",
  "pk": 46,
  "fields": {
    "id": 30,
    "sample_code": "A",
    "sample_type": "y",
    "weight": "6.00",
    "temperature": null,
    "humidity": null,
    "status": "assigned",
    "received_date": "2025-07-24",
    "verified_at": null,
    "coa_released": false,
    "manager_comment": null,
    "client": 24,
    "history_date": "2025-07-24T21:36:25.405Z",
    "history_change_reason": null,
    "history_type": "~",
    "history_user": 4
  }
},
{
  "model": "lims.historicalsample",
  "pk": 47,
  "fields": {
    "id": 31,
    "sample_code": "QC-JGLSP2500120-ASH",
    "sample_type": "qc",
    "weight": "0.00",
    "temperature": null,
    "humidity": null,
    "status": "assigned",
    "received_date": "2025-07-24",
    "verified_at": null,
    "coa_released": false,
    "manager_comment": null,
    "client": 24,
    "history_date": "2025-07-24T21:36:25.698Z",
    "history_change_reason": null,
    "history_type": "+",
    "history_user": 4
  }
},
{
  "model": "lims.historicalsample",
  "pk": 48,
  "fields": {
    "id": 32,
    "sample_code": "QC-JGLSP2500120-CRU",
    "sample_type": "qc",
    "weight": "0.00",
    "temperature": null,
    "humidity": null,
    "status": "assigned",
    "received_date": "2025-07-24",
    "verified_at": null,
    "coa_released": false,
    "manager_comment": null,
    "client": 24,
    "history_date": "2025-07-24T21:36:39.258Z",
    "history_change_reason": null,
    "history_type": "+",
    "history_user": 4
  }
},
{
  "model": "lims.historicalsample",
  "pk": 49,
  "fields": {
    "id": 33,
    "sample_code": "QC-JGLSP2500120-CRU-1",
    "sample_type": "qc",
    "weight": "0.00",
    "temperature": null,
    "humidity": null,
    "status": "assigned",
    "received_date": "2025-07-24",
    "verified_at": null,
    "coa_released": false,
    "manager_comment": null,
    "client": 24,
    "history_date": "2025-07-24T21:36:56.676Z",
    "history_change_reason": null,
    "history_type": "+",
    "history_user": 4
  }
},
{
  "model": "lims.historicalsample",
  "pk": 50,
  "fields": {
    "id": 34,
    "sample_code": "QC-JGLSP2500120-MOI",
    "sample_type": "qc",
    "weight": "0.00",
    "temperature": null,
    "humidity": null,
    "status": "assigned",
    "received_date": "2025-07-24",
    "verified_at": null,
    "coa_released": false,
    "manager_comment": null,
    "client": 24,
    "history_date": "2025-07-24T21:37:09.756Z",
    "history_change_reason": null,
    "history_type": "+",
    "history_user": 4
  }
},
{
  "model": "lims.historicalsample",
  "pk": 51,
  "fields": {
    "id": 35,
    "sample_code": "QC-JGLSP2500120-PRO",
    "sample_type": "qc",
    "weight": "0.00",
    "temperature": null,
    "humidity": null,
    "status": "assigned",
    "received_date": "2025-07-24",
    "verified_at": null,
    "coa_released": false,
    "manager_comment": null,
    "client": 24,
    "history_date": "2025-07-24T21:37:20.820Z",
    "history_change_reason": null,
    "history_type": "+",
    "history_user": 4
  }
},
{
  "model": "lims.historicalsample",
  "pk": 52,
  "fields": {
    "id": 35,
    "sample_code": "QC-JGLSP2500120-PRO",
    "sample_type": "qc",
    "weight": "0.00",
    "temperature": null,
    "humidity": null,
    "status": "assigned",
    "received_date": "2025-07-24",
    "verified_at": null,
    "coa_released": false,
    "manager_comment": null,
    "client": 24,
    "history_date": "2025-07-24T21:45:28.528Z",
    "history_change_reason": null,
    "history_type": "-",
    "history_user": 1
  }
},
{
  "model": "lims.historicalsample",
  "pk": 53,
  "fields": {
    "id": 34,
    "sample_code": "QC-JGLSP2500120-MOI",
    "sample_type": "qc",
    "weight": "0.00",
    "temperature": null,
    "humidity": null,
    "status": "assigned",
    "received_date": "2025-07-24",
    "verified_at": null,
    "coa_released": false,
    "manager_comment": null,
    "client": 24,
    "history_date": "2025-07-24T21:45:28.528Z",
    "history_change_reason": null,
    "history_type": "-",
    "history_user": 1
  }
},
{
  "model": "lims.historicalsample",
  "pk": 54,
  "fields": {
    "id": 33,
    "sample_code": "QC-JGLSP2500120-CRU-1",
    "sample_type": "qc",
    "weight": "0.00",
    "temperature": null,
    "humidity": null,
    "status": "assigned",
    "received_date": "2025-07-24",
    "verified_at": null,
    "coa_released": false,
    "manager_comment": null,
    "client": 24,
    "history_date": "2025-07-24T21:45:28.528Z",
    "history_change_reason": null,
    "history_type": "-",
    "history_user": 1
  }
},
{
  "model": "lims.historicalsample",
  "pk": 55,
  "fields": {
    "id": 32,
    "sample_code": "QC-JGLSP2500120-CRU",
    "sample_type": "qc",
    "weight": "0.00",
    "temperature": null,
    "humidity": null,
    "status": "assigned",
    "received_date": "2025-07-24",
    "verified_at": null,
    "coa_released": false,
    "manager_comment": null,
    "client": 24,
    "history_date": "2025-07-24T21:45:28.535Z",
    "history_change_reason": null,
    "history_type": "-",
    "history_user": 1
  }
},
{
  "model": "lims.historicalsample",
  "pk": 56,
  "fields": {
    "id": 31,
    "sample_code": "QC-JGLSP2500120-ASH",
    "sample_type": "qc",
    "weight": "0.00",
    "temperature": null,
    "humidity": null,
    "status": "assigned",
    "received_date": "2025-07-24",
    "verified_at": null,
    "coa_released": false,
    "manager_comment": null,
    "client": 24,
    "history_date": "2025-07-24T21:45:28.535Z",
    "history_change_reason": null,
    "history_type": "-",
    "history_user": 1
  }
},
{
  "model": "lims.historicalsample",
  "pk": 57,
  "fields": {
    "id": 30,
    "sample_code": "A",
    "sample_type": "y",
    "weight": "6.00",
    "temperature": null,
    "humidity": null,
    "status": "assigned",
    "received_date": "2025-07-24",
    "verified_at": null,
    "coa_released": false,
    "manager_comment": null,
    "client": 24,
    "history_date": "2025-07-24T21:45:28.535Z",
    "history_change_reason": null,
    "history_type": "-",
    "history_user": 1
  }
},
{
  "model": "lims.historicalsample",
  "pk": 58,
  "fields": {
    "id": 36,
    "sample_code": "A",
    "sample_type": "fish",
    "weight": "70.00",
    "temperature": null,
    "humidity": null,
    "status": "received",
    "received_date": "2025-07-25",
    "verified_at": null,
    "coa_released": false,
    "manager_comment": null,
    "client": 25,
    "history_date": "2025-07-25T07:24:42.842Z",
    "history_change_reason": null,
    "history_type": "+",
    "history_user": 4
  }
},
{
  "model": "lims.historicalsample",
  "pk": 59,
  "fields": {
    "id": 36,
    "sample_code": "A",
    "sample_type": "fish",
    "weight": "70.00",
    "temperature": null,
    "humidity": null,
    "status": "assigned",
    "received_date": "2025-07-25",
    "verified_at": null,
    "coa_released": false,
    "manager_comment": null,
    "client": 25,
    "history_date": "2025-07-25T07:25:40.987Z",
    "history_change_reason": null,
    "history_type": "~",
    "history_user": 3
  }
},
{
  "model": "lims.historicalsample",
  "pk": 60,
  "fields": {
    "id": 37,
    "sample_code": "QC-JGLSP2500120-ASH",
    "sample_type": "qc",
    "weight": "0.00",
    "temperature": null,
    "humidity": null,
    "status": "assigned",
    "received_date": "2025-07-25",
    "verified_at": null,
    "coa_released": false,
    "manager_comment": null,
    "client": 25,
    "history_date": "2025-07-25T07:25:41.262Z",
    "history_change_reason": null,
    "history_type": "+",
    "history_user": 3
  }
},
{
  "model": "lims.historicalsample",
  "pk": 61,
  "fields": {
    "id": 38,
    "sample_code": "QC-JGLSP2500120-CRU",
    "sample_type": "qc",
    "weight": "0.00",
    "temperature": null,
    "humidity": null,
    "status": "assigned",
    "received_date": "2025-07-25",
    "verified_at": null,
    "coa_released": false,
    "manager_comment": null,
    "client": 25,
    "history_date": "2025-07-25T07:26:13.298Z",
    "history_change_reason": null,
    "history_type": "+",
    "history_user": 3
  }
},
{
  "model": "lims.historicalsample",
  "pk": 62,
  "fields": {
    "id": 39,
    "sample_code": "QC-JGLSP2500120-MOI",
    "sample_type": "qc",
    "weight": "0.00",
    "temperature": null,
    "humidity": null,
    "status": "assigned",
    "received_date": "2025-07-25",
    "verified_at": null,
    "coa_released": false,
    "manager_comment": null,
    "client": 25,
    "history_date": "2025-07-25T07:26:29.420Z",
    "history_change_reason": null,
    "history_type": "+",
    "history_user": 3
  }
},
{
  "model": "lims.historicalsample",
  "pk": 63,
  "fields": {
    "id": 40,
    "sample_code": "QC-JGLSP2500120-CRU-1",
    "sample_type": "qc",
    "weight": "0.00",
    "temperature": null,
    "humidity": null,
    "status": "assigned",
    "received_date": "2025-07-25",
    "verified_at": null,
    "coa_released": false,
    "manager_comment": null,
    "client": 25,
    "history_date": "2025-07-25T07:26:44.137Z",
    "history_change_reason": null,
    "history_type": "+",
    "history_user": 3
  }
},
{
  "model": "lims.historicalsample",
  "pk": 64,
  "fields": {
    "id": 41,
    "sample_code": "QC-JGLSP2500120-PRO",
    "sample_type": "qc",
    "weight": "0.00",
    "temperature": null,
    "humidity": null,
    "status": "assigned",
    "received_date": "2025-07-25",
    "verified_at": null,
    "coa_released": false,
    "manager_comment": null,
    "client": 25,
    "history_date": "2025-07-25T07:27:02.448Z",
    "history_change_reason": null,
    "history_type": "+",
    "history_user": 3
  }
},
{
  "model": "lims.historicalsample",
  "pk": 65,
  "fields": {
    "id": 36,
    "sample_code": "A",
    "sample_type": "fish",
    "weight": "70.00",
    "temperature": null,
    "humidity": null,
    "status": "under_review",
    "received_date": "2025-07-25",
    "verified_at": null,
    "coa_released": false,
    "manager_comment": null,
    "client": 25,
    "history_date": "2025-07-25T09:19:03.347Z",
    "history_change_reason": null,
    "history_type": "~",
    "history_user": 2
  }
},
{
  "model": "lims.historicalsample",
  "pk": 66,
  "fields": {
    "id": 37,
    "sample_code": "QC-JGLSP2500120-ASH",
    "sample_type": "qc",
    "weight": "0.00",
    "temperature": null,
    "humidity": null,
    "status": "under_review",
    "received_date": "2025-07-25",
    "verified_at": null,
    "coa_released": false,
    "manager_comment": null,
    "client": 25,
    "history_date": "2025-07-25T09:19:03.353Z",
    "history_change_reason": null,
    "history_type": "~",
    "history_user": 2
  }
},
{
  "model": "lims.historicalsample",
  "pk": 67,
  "fields": {
    "id": 38,
    "sample_code": "QC-JGLSP2500120-CRU",
    "sample_type": "qc",
    "weight": "0.00",
    "temperature": null,
    "humidity": null,
    "status": "under_review",
    "received_date": "2025-07-25",
    "verified_at": null,
    "coa_released": false,
    "manager_comment": null,
    "client": 25,
    "history_date": "2025-07-25T09:19:03.357Z",
    "history_change_reason": null,
    "history_type": "~",
    "history_user": 2
  }
},
{
  "model": "lims.historicalsample",
  "pk": 68,
  "fields": {
    "id": 39,
    "sample_code": "QC-JGLSP2500120-MOI",
    "sample_type": "qc",
    "weight": "0.00",
    "temperature": null,
    "humidity": null,
    "status": "under_review",
    "received_date": "2025-07-25",
    "verified_at": null,
    "coa_released": false,
    "manager_comment": null,
    "client": 25,
    "history_date": "2025-07-25T09:19:03.357Z",
    "history_change_reason": null,
    "history_type": "~",
    "history_user": 2
  }
},
{
  "model": "lims.historicalsample",
  "pk": 69,
  "fields": {
    "id": 40,
    "sample_code": "QC-JGLSP2500120-CRU-1",
    "sample_type": "qc",
    "weight": "0.00",
    "temperature": null,
    "humidity": null,
    "status": "under_review",
    "received_date": "2025-07-25",
    "verified_at": null,
    "coa_released": false,
    "manager_comment": null,
    "client": 25,
    "history_date": "2025-07-25T09:19:03.357Z",
    "history_change_reason": null,
    "history_type": "~",
    "history_user": 2
  }
},
{
  "model": "lims.historicalsample",
  "pk": 70,
  "fields": {
    "id": 41,
    "sample_code": "QC-JGLSP2500120-PRO",
    "sample_type": "qc",
    "weight": "0.00",
    "temperature": null,
    "humidity": null,
    "status": "under_review",
    "received_date": "2025-07-25",
    "verified_at": null,
    "coa_released": false,
    "manager_comment": null,
    "client": 25,
    "history_date": "2025-07-25T09:19:03.367Z",
    "history_change_reason": null,
    "history_type": "~",
    "history_user": 2
  }
},
{
  "model": "lims.historicalsample",
  "pk": 71,
  "fields": {
    "id": 39,
    "sample_code": "QC-JGLSP2500120-MOI",
    "sample_type": "qc",
    "weight": "0.00",
    "temperature": null,
    "humidity": null,
    "status": "approved",
    "received_date": "2025-07-25",
    "verified_at": "2025-07-25T10:07:50.507Z",
    "coa_released": false,
    "manager_comment": null,
    "client": 25,
    "history_date": "2025-07-25T10:07:50.617Z",
    "history_change_reason": null,
    "history_type": "~",
    "history_user": 2
  }
},
{
  "model": "lims.historicalsample",
  "pk": 72,
  "fields": {
    "id": 37,
    "sample_code": "QC-JGLSP2500120-ASH",
    "sample_type": "qc",
    "weight": "0.00",
    "temperature": null,
    "humidity": null,
    "status": "approved",
    "received_date": "2025-07-25",
    "verified_at": "2025-07-25T10:07:58.337Z",
    "coa_released": false,
    "manager_comment": null,
    "client": 25,
    "history_date": "2025-07-25T10:07:58.462Z",
    "history_change_reason": null,
    "history_type": "~",
    "history_user": 2
  }
},
{
  "model": "lims.historicalsample",
  "pk": 73,
  "fields": {
    "id": 40,
    "sample_code": "QC-JGLSP2500120-CRU-1",
    "sample_type": "qc",
    "weight": "0.00",
    "temperature": null,
    "humidity": null,
    "status": "approved",
    "received_date": "2025-07-25",
    "verified_at": "2025-07-25T10:08:06.641Z",
    "coa_released": false,
    "manager_comment": null,
    "client": 25,
    "history_date": "2025-07-25T10:08:06.747Z",
    "history_change_reason": null,
    "history_type": "~",
    "history_user": 2
  }
},
{
  "model": "lims.historicalsample",
  "pk": 74,
  "fields": {
    "id": 38,
    "sample_code": "QC-JGLSP2500120-CRU",
    "sample_type": "qc",
    "weight": "0.00",
    "temperature": null,
    "humidity": null,
    "status": "approved",
    "received_date": "2025-07-25",
    "verified_at": "2025-07-25T10:08:16.357Z",
    "coa_released": false,
    "manager_comment": null,
    "client": 25,
    "history_date": "2025-07-25T10:08:16.622Z",
    "history_change_reason": null,
    "history_type": "~",
    "history_user": 2
  }
},
{
  "model": "lims.historicalsample",
  "pk": 75,
  "fields": {
    "id": 36,
    "sample_code": "A",
    "sample_type": "fish",
    "weight": "70.00",
    "temperature": null,
    "humidity": null,
    "status": "approved",
    "received_date": "2025-07-25",
    "verified_at": "2025-07-25T10:08:24.337Z",
    "coa_released": false,
    "manager_comment": null,
    "client": 25,
    "history_date": "2025-07-25T10:08:24.457Z",
    "history_change_reason": null,
    "history_type": "~",
    "history_user": 2
  }
},
{
  "model": "lims.historicalsample",
  "pk": 76,
  "fields": {
    "id": 41,
    "sample_code": "QC-JGLSP2500120-PRO",
    "sample_type": "qc",
    "weight": "0.00",
    "temperature": null,
    "humidity": null,
    "status": "approved",
    "received_date": "2025-07-25",
    "verified_at": "2025-07-25T10:08:25.036Z",
    "coa_released": false,
    "manager_comment": null,
    "client": 25,
    "history_date": "2025-07-25T10:08:25.252Z",
    "history_change_reason": null,
    "history_type": "~",
    "history_user": 2
  }
},
{
  "model": "lims.sample",
  "pk": 1,
  "fields": {
    "client": 16,
    "sample_code": "14RT2",
    "sample_type": "fish",
    "weight": "190.00",
    "temperature": null,
    "humidity": null,
    "status": "received",
    "received_date": "2025-07-18",
    "verified_at": null,
    "coa_released": false,
    "manager_comment": null
  }
},
{
  "model": "lims.sample",
  "pk": 2,
  "fields": {
    "client": 16,
    "sample_code": "7RT3",
    "sample_type": "fish",
    "weight": "187.00",
    "temperature": null,
    "humidity": null,
    "status": "received",
    "received_date": "2025-07-18",
    "verified_at": null,
    "coa_released": false,
    "manager_comment": null
  }
},
{
  "model": "lims.sample",
  "pk": 3,
  "fields": {
    "client": 16,
    "sample_code": "21RT0",
    "sample_type": "fish",
    "weight": "179.00",
    "temperature": null,
    "humidity": null,
    "status": "received",
    "received_date": "2025-07-18",
    "verified_at": null,
    "coa_released": false,
    "manager_comment": null
  }
},
{
  "model": "lims.sample",
  "pk": 4,
  "fields": {
    "client": 17,
    "sample_code": "Feed",
    "sample_type": "Feed",
    "weight": "67.00",
    "temperature": null,
    "humidity": null,
    "status": "received",
    "received_date": "2025-07-18",
    "verified_at": null,
    "coa_released": false,
    "manager_comment": null
  }
},
{
  "model": "lims.sample",
  "pk": 5,
  "fields": {
    "client": 18,
    "sample_code": "khadus20/19b",
    "sample_type": "Groundut",
    "weight": "115.00",
    "temperature": null,
    "humidity": null,
    "status": "received",
    "received_date": "2025-07-18",
    "verified_at": null,
    "coa_released": false,
    "manager_comment": null
  }
},
{
  "model": "lims.sample",
  "pk": 6,
  "fields": {
    "client": 18,
    "sample_code": "khadus21/19b",
    "sample_type": "Groundnut",
    "weight": "122.00",
    "temperature": null,
    "humidity": null,
    "status": "received",
    "received_date": "2025-07-18",
    "verified_at": null,
    "coa_released": false,
    "manager_comment": null
  }
},
{
  "model": "lims.sample",
  "pk": 7,
  "fields": {
    "client": 19,
    "sample_code": "MBM",
    "sample_type": "Blood meal",
    "weight": "214.00",
    "temperature": null,
    "humidity": null,
    "status": "approved",
    "received_date": "2025-07-18",
    "verified_at": "2025-07-20T20:14:15.621Z",
    "coa_released": true,
    "manager_comment": null
  }
},
{
  "model": "lims.sample",
  "pk": 8,
  "fields": {
    "client": 19,
    "sample_code": "QC-JGLSP2500115-PRO",
    "sample_type": "qc",
    "weight": "0.00",
    "temperature": null,
    "humidity": null,
    "status": "approved",
    "received_date": "2025-07-20",
    "verified_at": "2025-07-20T20:14:15.952Z",
    "coa_released": false,
    "manager_comment": null
  }
},
{
  "model": "lims.sample",
  "pk": 13,
  "fields": {
    "client": 23,
    "sample_code": "A",
    "sample_type": "Feed",
    "weight": "4.00",
    "temperature": null,
    "humidity": null,
    "status": "received",
    "received_date": "2025-07-24",
    "verified_at": null,
    "coa_released": false,
    "manager_comment": null
  }
},
{
  "model": "lims.sample",
  "pk": 14,
  "fields": {
    "client": 23,
    "sample_code": "B",
    "sample_type": "Feed",
    "weight": "5.00",
    "temperature": null,
    "humidity": null,
    "status": "received",
    "received_date": "2025-07-24",
    "verified_at": null,
    "coa_released": false,
    "manager_comment": null
  }
},
{
  "model": "lims.sample",
  "pk": 15,
  "fields": {
    "client": 23,
    "sample_code": "C",
    "sample_type": "Feed",
    "weight": "8.00",
    "temperature": null,
    "humidity": null,
    "status": "received",
    "received_date": "2025-07-24",
    "verified_at": null,
    "coa_released": false,
    "manager_comment": null
  }
},
{
  "model": "lims.sample",
  "pk": 16,
  "fields": {
    "client": 23,
    "sample_code": "D",
    "sample_type": "feed",
    "weight": "10.00",
    "temperature": null,
    "humidity": null,
    "status": "received",
    "received_date": "2025-07-24",
    "verified_at": null,
    "coa_released": false,
    "manager_comment": null
  }
},
{
  "model": "lims.sample",
  "pk": 17,
  "fields": {
    "client": 23,
    "sample_code": "E",
    "sample_type": "feed",
    "weight": "45.00",
    "temperature": null,
    "humidity": null,
    "status": "received",
    "received_date": "2025-07-24",
    "verified_at": null,
    "coa_released": false,
    "manager_comment": null
  }
},
{
  "model": "lims.sample",
  "pk": 36,
  "fields": {
    "client": 25,
    "sample_code": "A",
    "sample_type": "fish",
    "weight": "70.00",
    "temperature": null,
    "humidity": null,
    "status": "approved",
    "received_date": "2025-07-25",
    "verified_at": "2025-07-25T10:08:24.337Z",
    "coa_released": false,
    "manager_comment": null
  }
},
{
  "model": "lims.sample",
  "pk": 37,
  "fields": {
    "client": 25,
    "sample_code": "QC-JGLSP2500120-ASH",
    "sample_type": "qc",
    "weight": "0.00",
    "temperature": null,
    "humidity": null,
    "status": "approved",
    "received_date": "2025-07-25",
    "verified_at": "2025-07-25T10:07:58.337Z",
    "coa_released": false,
    "manager_comment": null
  }
},
{
  "model": "lims.sample",
  "pk": 38,
  "fields": {
    "client": 25,
    "sample_code": "QC-JGLSP2500120-CRU",
    "sample_type": "qc",
    "weight": "0.00",
    "temperature": null,
    "humidity": null,
    "status": "approved",
    "received_date": "2025-07-25",
    "verified_at": "2025-07-25T10:08:16.357Z",
    "coa_released": false,
    "manager_comment": null
  }
},
{
  "model": "lims.sample",
  "pk": 39,
  "fields": {
    "client": 25,
    "sample_code": "QC-JGLSP2500120-MOI",
    "sample_type": "qc",
    "weight": "0.00",
    "temperature": null,
    "humidity": null,
    "status": "approved",
    "received_date": "2025-07-25",
    "verified_at": "2025-07-25T10:07:50.507Z",
    "coa_released": false,
    "manager_comment": null
  }
},
{
  "model": "lims.sample",
  "pk": 40,
  "fields": {
    "client": 25,
    "sample_code": "QC-JGLSP2500120-CRU-1",
    "sample_type": "qc",
    "weight": "0.00",
    "temperature": null,
    "humidity": null,
    "status": "approved",
    "received_date": "2025-07-25",
    "verified_at": "2025-07-25T10:08:06.641Z",
    "coa_released": false,
    "manager_comment": null
  }
},
{
  "model": "lims.sample",
  "pk": 41,
  "fields": {
    "client": 25,
    "sample_code": "QC-JGLSP2500120-PRO",
    "sample_type": "qc",
    "weight": "0.00",
    "temperature": null,
    "humidity": null,
    "status": "approved",
    "received_date": "2025-07-25",
    "verified_at": "2025-07-25T10:08:25.036Z",
    "coa_released": false,
    "manager_comment": null
  }
},
{
  "model": "lims.equipment",
  "pk": 1,
  "fields": {
    "name": "Kjeltec Distillation Unit",
    "serial_number": "91819250",
    "model": "8200",
    "category": "",
    "date_installed": "2025-07-17",
    "manufacturer": "FOSS",
    "is_active": true,
    "parameters_supported": [
      5
    ]
  }
},
{
  "model": "lims.equipment",
  "pk": 2,
  "fields": {
    "name": "Kjelroc Digestor",
    "serial_number": "01210-A-1097",
    "model": "",
    "category": "",
    "date_installed": "2025-07-17",
    "manufacturer": "OPSIS Liquid Line",
    "is_active": true,
    "parameters_supported": [
      5
    ]
  }
},
{
  "model": "lims.equipment",
  "pk": 3,
  "fields": {
    "name": "Ultrasonic Bath",
    "serial_number": "",
    "model": "",
    "category": "",
    "date_installed": "2025-07-17",
    "manufacturer": "Grant",
    "is_active": true,
    "parameters_supported": [
      5
    ]
  }
},
{
  "model": "lims.equipment",
  "pk": 4,
  "fields": {
    "name": "Fibretec (Hot & Cold Extraction Unit)",
    "serial_number": "91816165",
    "model": "FT 121 & 122",
    "category": "",
    "date_installed": "2025-07-17",
    "manufacturer": "FOSS",
    "is_active": true,
    "parameters_supported": [
      3
    ]
  }
},
{
  "model": "lims.equipment",
  "pk": 5,
  "fields": {
    "name": "Soxtec",
    "serial_number": "91703799",
    "model": "2050",
    "category": "",
    "date_installed": "2025-07-17",
    "manufacturer": "FOSS",
    "is_active": true,
    "parameters_supported": [
      4
    ]
  }
},
{
  "model": "lims.equipment",
  "pk": 6,
  "fields": {
    "name": "Moisture Analyzer",
    "serial_number": "P1018035",
    "model": "ML-50",
    "category": "",
    "date_installed": "2025-07-17",
    "manufacturer": "A&D",
    "is_active": true,
    "parameters_supported": [
      1
    ]
  }
},
{
  "model": "lims.equipment",
  "pk": 7,
  "fields": {
    "name": "Analytical Weighing Balance",
    "serial_number": "6A7701003",
    "model": "HR-250AZ",
    "category": "",
    "date_installed": "2025-07-17",
    "manufacturer": "A&D",
    "is_active": true,
    "parameters_supported": []
  }
},
{
  "model": "lims.equipment",
  "pk": 8,
  "fields": {
    "name": "Furnace",
    "serial_number": "21-102675",
    "model": "AAF 1100",
    "category": "",
    "date_installed": "2025-07-17",
    "manufacturer": "Carbolite",
    "is_active": true,
    "parameters_supported": [
      2
    ]
  }
},
{
  "model": "lims.equipment",
  "pk": 9,
  "fields": {
    "name": "Bomb Calorimeter",
    "serial_number": "02-05106-221062",
    "model": "CAL 3K-ST",
    "category": "",
    "date_installed": "2025-07-17",
    "manufacturer": "DDS Calorimeters",
    "is_active": true,
    "parameters_supported": [
      55
    ]
  }
},
{
  "model": "lims.equipment",
  "pk": 10,
  "fields": {
    "name": "Laboratory Oven",
    "serial_number": "H-906128",
    "model": "",
    "category": "",
    "date_installed": "2025-07-17",
    "manufacturer": "Uniscope",
    "is_active": true,
    "parameters_supported": []
  }
},
{
  "model": "lims.equipment",
  "pk": 11,
  "fields": {
    "name": "Cyclotec Laboratory Mill",
    "serial_number": "91839243",
    "model": "CT293",
    "category": "",
    "date_installed": "2025-07-17",
    "manufacturer": "FOSS",
    "is_active": true,
    "parameters_supported": []
  }
},
{
  "model": "lims.equipment",
  "pk": 12,
  "fields": {
    "name": "Spectrophotometer",
    "serial_number": "923-386",
    "model": "CE 2021",
    "category": "",
    "date_installed": "2025-07-17",
    "manufacturer": "Cecil Instrument",
    "is_active": true,
    "parameters_supported": [
      20,
      21,
      22,
      23,
      24
    ]
  }
},
{
  "model": "lims.equipment",
  "pk": 13,
  "fields": {
    "name": "HPLC",
    "serial_number": "150-428",
    "model": "System 4",
    "category": "",
    "date_installed": "2025-07-17",
    "manufacturer": "Cecil Instrument",
    "is_active": true,
    "parameters_supported": [
      56,
      57,
      58,
      59,
      60,
      61,
      62,
      63,
      64,
      65,
      66
    ]
  }
},
{
  "model": "lims.equipment",
  "pk": 14,
  "fields": {
    "name": "Accuscan Gold",
    "serial_number": "Accu-024",
    "model": "ASG-5420",
    "category": "",
    "date_installed": "2025-07-17",
    "manufacturer": "Neogen",
    "is_active": true,
    "parameters_supported": [
      67,
      68
    ]
  }
},
{
  "model": "lims.calibrationrecord",
  "pk": 1,
  "fields": {
    "equipment": 9,
    "calibration_date": "2024-11-01",
    "calibrated_by": "BV Global",
    "expires_on": "2025-11-01",
    "certificate": "",
    "comments": "Seeded with initial calibration status."
  }
},
{
  "model": "lims.calibrationrecord",
  "pk": 2,
  "fields": {
    "equipment": 1,
    "calibration_date": "2024-11-01",
    "calibrated_by": "BV Global",
    "expires_on": "2025-11-01",
    "certificate": "",
    "comments": "Seeded with initial calibration status."
  }
},
{
  "model": "lims.calibrationrecord",
  "pk": 3,
  "fields": {
    "equipment": 11,
    "calibration_date": "2024-11-01",
    "calibrated_by": "BV Global",
    "expires_on": "2025-11-01",
    "certificate": "",
    "comments": "Seeded with initial calibration status."
  }
},
{
  "model": "lims.calibrationrecord",
  "pk": 4,
  "fields": {
    "equipment": 2,
    "calibration_date": "2024-11-01",
    "calibrated_by": "BV Global",
    "expires_on": "2025-11-01",
    "certificate": "",
    "comments": "Seeded with initial calibration status."
  }
},
{
  "model": "lims.calibrationrecord",
  "pk": 5,
  "fields": {
    "equipment": 8,
    "calibration_date": "2024-11-01",
    "calibrated_by": "BV Global",
    "expires_on": "2025-11-01",
    "certificate": "",
    "comments": "Seeded with initial calibration status."
  }
},
{
  "model": "lims.calibrationrecord",
  "pk": 6,
  "fields": {
    "equipment": 3,
    "calibration_date": "2024-11-01",
    "calibrated_by": "BV Global",
    "expires_on": "2025-11-01",
    "certificate": "",
    "comments": "Seeded with initial calibration status."
  }
},
{
  "model": "lims.calibrationrecord",
  "pk": 7,
  "fields": {
    "equipment": 5,
    "calibration_date": "2024-11-01",
    "calibrated_by": "BV Global",
    "expires_on": "2025-11-01",
    "certificate": "",
    "comments": "Seeded with initial calibration status."
  }
},
{
  "model": "lims.calibrationrecord",
  "pk": 8,
  "fields": {
    "equipment": 7,
    "calibration_date": "2024-11-01",
    "calibrated_by": "BV Global",
    "expires_on": "2025-11-01",
    "certificate": "",
    "comments": "Seeded with initial calibration status."
  }
},
{
  "model": "lims.calibrationrecord",
  "pk": 9,
  "fields": {
    "equipment": 4,
    "calibration_date": "2024-11-01",
    "calibrated_by": "BV Global",
    "expires_on": "2025-11-01",
    "certificate": "",
    "comments": "Seeded with initial calibration status."
  }
},
{
  "model": "lims.calibrationrecord",
  "pk": 10,
  "fields": {
    "equipment": 13,
    "calibration_date": "2024-11-01",
    "calibrated_by": "BV Global",
    "expires_on": "2025-11-01",
    "certificate": "",
    "comments": "Seeded with initial calibration status."
  }
},
{
  "model": "lims.calibrationrecord",
  "pk": 11,
  "fields": {
    "equipment": 14,
    "calibration_date": "2024-11-01",
    "calibrated_by": "BV Global",
    "expires_on": "2025-11-01",
    "certificate": "",
    "comments": "Seeded with initial calibration status."
  }
},
{
  "model": "lims.calibrationrecord",
  "pk": 12,
  "fields": {
    "equipment": 10,
    "calibration_date": "2024-11-01",
    "calibrated_by": "BV Global",
    "expires_on": "2025-11-01",
    "certificate": "",
    "comments": "Seeded with initial calibration status."
  }
},
{
  "model": "lims.parametergroup",
  "pk": 1,
  "fields": {
    "name": "Proximate",
    "is_extension": false
  }
},
{
  "model": "lims.parametergroup",
  "pk": 2,
  "fields": {
    "name": "Functional Properties",
    "is_extension": false
  }
},
{
  "model": "lims.parametergroup",
  "pk": 3,
  "fields": {
    "name": "Phytochemicals",
    "is_extension": false
  }
},
{
  "model": "lims.parametergroup",
  "pk": 4,
  "fields": {
    "name": "Protein Digestibility",
    "is_extension": false
  }
},
{
  "model": "lims.parametergroup",
  "pk": 5,
  "fields": {
    "name": "Oil Analysis",
    "is_extension": false
  }
},
{
  "model": "lims.parametergroup",
  "pk": 6,
  "fields": {
    "name": "Fiber Fractions",
    "is_extension": false
  }
},
{
  "model": "lims.parametergroup",
  "pk": 7,
  "fields": {
    "name": "Minerals",
    "is_extension": false
  }
},
{
  "model": "lims.parametergroup",
  "pk": 8,
  "fields": {
    "name": "Vitamins & Contaminants",
    "is_extension": false
  }
},
{
  "model": "lims.parametergroup",
  "pk": 9,
  "fields": {
    "name": "Water Analysis",
    "is_extension": false
  }
},
{
  "model": "lims.parametergroup",
  "pk": 10,
  "fields": {
    "name": "Gross Energy",
    "is_extension": false
  }
},
{
  "model": "lims.parameter",
  "pk": 1,
  "fields": {
    "group": 1,
    "default_equipment": null,
    "name": "Moisture",
    "unit": "%",
    "method": "Oven (AOAC 930.15 2000)",
    "ref_limit": " 12%",
    "default_price": "4000.00"
  }
},
{
  "model": "lims.parameter",
  "pk": 2,
  "fields": {
    "group": 1,
    "default_equipment": null,
    "name": "Ash",
    "unit": "%",
    "method": "Furnace (AOAC 942.05, 2000)",
    "ref_limit": " 5%",
    "default_price": "4000.00"
  }
},
{
  "model": "lims.parameter",
  "pk": 3,
  "fields": {
    "group": 1,
    "default_equipment": null,
    "name": "Crude Fibre",
    "unit": "%",
    "method": "AOAC 978.10, 2000",
    "ref_limit": " 5%",
    "default_price": "4000.00"
  }
},
{
  "model": "lims.parameter",
  "pk": 4,
  "fields": {
    "group": 1,
    "default_equipment": null,
    "name": "Crude Fat",
    "unit": "%",
    "method": "Soxhlet Extraction (AOAC 920.39)",
    "ref_limit": " 2%",
    "default_price": "4000.00"
  }
},
{
  "model": "lims.parameter",
  "pk": 5,
  "fields": {
    "group": 1,
    "default_equipment": null,
    "name": "Protein",
    "unit": "%",
    "method": "Kjeldahl (AOAC 942.05 2000)",
    "ref_limit": " 10%",
    "default_price": "4000.00"
  }
},
{
  "model": "lims.parameter",
  "pk": 6,
  "fields": {
    "group": 2,
    "default_equipment": null,
    "name": "pH",
    "unit": "pH",
    "method": "pH Meter",
    "ref_limit": "-",
    "default_price": "2000.00"
  }
},
{
  "model": "lims.parameter",
  "pk": 7,
  "fields": {
    "group": 2,
    "default_equipment": null,
    "name": "Bulk Density",
    "unit": "g/mL",
    "method": "",
    "ref_limit": "-",
    "default_price": "2500.00"
  }
},
{
  "model": "lims.parameter",
  "pk": 8,
  "fields": {
    "group": 2,
    "default_equipment": null,
    "name": "Swelling Capacity",
    "unit": "mL/g",
    "method": "",
    "ref_limit": "-",
    "default_price": "2500.00"
  }
},
{
  "model": "lims.parameter",
  "pk": 9,
  "fields": {
    "group": 2,
    "default_equipment": null,
    "name": "Total Solids",
    "unit": "%",
    "method": "",
    "ref_limit": "-",
    "default_price": "2500.00"
  }
},
{
  "model": "lims.parameter",
  "pk": 10,
  "fields": {
    "group": 2,
    "default_equipment": null,
    "name": "Emulsification Capacity",
    "unit": "%",
    "method": "",
    "ref_limit": "-",
    "default_price": "2500.00"
  }
},
{
  "model": "lims.parameter",
  "pk": 11,
  "fields": {
    "group": 2,
    "default_equipment": null,
    "name": "Water Absorption Capacity",
    "unit": "g/g",
    "method": "",
    "ref_limit": "-",
    "default_price": "2500.00"
  }
},
{
  "model": "lims.parameter",
  "pk": 12,
  "fields": {
    "group": 2,
    "default_equipment": null,
    "name": "Oil Absorption Capacity",
    "unit": "g/g",
    "method": "",
    "ref_limit": "-",
    "default_price": "2500.00"
  }
},
{
  "model": "lims.parameter",
  "pk": 13,
  "fields": {
    "group": 2,
    "default_equipment": null,
    "name": "Foaming Capacity",
    "unit": "%",
    "method": "",
    "ref_limit": "-",
    "default_price": "2500.00"
  }
},
{
  "model": "lims.parameter",
  "pk": 14,
  "fields": {
    "group": 2,
    "default_equipment": null,
    "name": "Wettability",
    "unit": "s",
    "method": "",
    "ref_limit": "-",
    "default_price": "2500.00"
  }
},
{
  "model": "lims.parameter",
  "pk": 15,
  "fields": {
    "group": 2,
    "default_equipment": null,
    "name": "Gluten (Dry & Wet)",
    "unit": "%",
    "method": "",
    "ref_limit": "-",
    "default_price": "2500.00"
  }
},
{
  "model": "lims.parameter",
  "pk": 16,
  "fields": {
    "group": 2,
    "default_equipment": null,
    "name": "Dispersibility",
    "unit": "%",
    "method": "",
    "ref_limit": "-",
    "default_price": "2500.00"
  }
},
{
  "model": "lims.parameter",
  "pk": 17,
  "fields": {
    "group": 2,
    "default_equipment": null,
    "name": "Brix Content",
    "unit": "Bx",
    "method": "Refractometer",
    "ref_limit": "-",
    "default_price": "2500.00"
  }
},
{
  "model": "lims.parameter",
  "pk": 18,
  "fields": {
    "group": 2,
    "default_equipment": null,
    "name": "Salt Content",
    "unit": "%",
    "method": "Refractometer",
    "ref_limit": "-",
    "default_price": "2500.00"
  }
},
{
  "model": "lims.parameter",
  "pk": 19,
  "fields": {
    "group": 2,
    "default_equipment": null,
    "name": "Viscosity",
    "unit": "mPas",
    "method": "Viscometer",
    "ref_limit": "-",
    "default_price": "2500.00"
  }
},
{
  "model": "lims.parameter",
  "pk": 20,
  "fields": {
    "group": 3,
    "default_equipment": null,
    "name": "Alkaloids",
    "unit": "mg/100g",
    "method": "Spectrophotometric",
    "ref_limit": "-",
    "default_price": "4000.00"
  }
},
{
  "model": "lims.parameter",
  "pk": 21,
  "fields": {
    "group": 3,
    "default_equipment": null,
    "name": "Flavonoids",
    "unit": "mg/100g",
    "method": "Spectrophotometric",
    "ref_limit": "-",
    "default_price": "4500.00"
  }
},
{
  "model": "lims.parameter",
  "pk": 22,
  "fields": {
    "group": 3,
    "default_equipment": null,
    "name": "Tannins",
    "unit": "mg/100g",
    "method": "Spectrophotometric",
    "ref_limit": "-",
    "default_price": "4500.00"
  }
},
{
  "model": "lims.parameter",
  "pk": 23,
  "fields": {
    "group": 3,
    "default_equipment": null,
    "name": "Saponins",
    "unit": "mg/100g",
    "method": "Spectrophotometric",
    "ref_limit": "-",
    "default_price": "4000.00"
  }
},
{
  "model": "lims.parameter",
  "pk": 24,
  "fields": {
    "group": 3,
    "default_equipment": null,
    "name": "Phenolics",
    "unit": "mg GAE/100g",
    "method": "Spectrophotometric",
    "ref_limit": "-",
    "default_price": "4000.00"
  }
},
{
  "model": "lims.parameter",
  "pk": 25,
  "fields": {
    "group": 3,
    "default_equipment": null,
    "name": "Phytate",
    "unit": "mg/100g",
    "method": "Spectrophotometric",
    "ref_limit": "-",
    "default_price": "4000.00"
  }
},
{
  "model": "lims.parameter",
  "pk": 26,
  "fields": {
    "group": 3,
    "default_equipment": null,
    "name": "Oxalate",
    "unit": "mg/100g",
    "method": "Spectrophotometric",
    "ref_limit": "-",
    "default_price": "4000.00"
  }
},
{
  "model": "lims.parameter",
  "pk": 27,
  "fields": {
    "group": 3,
    "default_equipment": null,
    "name": "Carotenoids",
    "unit": "g/g",
    "method": "Spectrophotometric",
    "ref_limit": "-",
    "default_price": "4000.00"
  }
},
{
  "model": "lims.parameter",
  "pk": 28,
  "fields": {
    "group": 3,
    "default_equipment": null,
    "name": "Cyanides",
    "unit": "mg HCN/kg",
    "method": "Spectrophotometric",
    "ref_limit": "-",
    "default_price": "4500.00"
  }
},
{
  "model": "lims.parameter",
  "pk": 29,
  "fields": {
    "group": 3,
    "default_equipment": null,
    "name": "Total Antioxidant Capacity/DPPH",
    "unit": "% inhibition",
    "method": "Spectrophotometric",
    "ref_limit": "-",
    "default_price": "4000.00"
  }
},
{
  "model": "lims.parameter",
  "pk": 30,
  "fields": {
    "group": 3,
    "default_equipment": null,
    "name": "Total starch",
    "unit": "%",
    "method": "Spectrophotometric",
    "ref_limit": "-",
    "default_price": "5000.00"
  }
},
{
  "model": "lims.parameter",
  "pk": 31,
  "fields": {
    "group": 4,
    "default_equipment": null,
    "name": "Protein Digestibility",
    "unit": "%",
    "method": "AOAC",
    "ref_limit": "-",
    "default_price": "8000.00"
  }
},
{
  "model": "lims.parameter",
  "pk": 33,
  "fields": {
    "group": 5,
    "default_equipment": null,
    "name": "Total Free Fatty Acid",
    "unit": "% oleic acid",
    "method": "Titrimetric",
    "ref_limit": "-",
    "default_price": "3000.00"
  }
},
{
  "model": "lims.parameter",
  "pk": 34,
  "fields": {
    "group": 5,
    "default_equipment": null,
    "name": "Peroxide Value",
    "unit": "meq O2/kg",
    "method": "Titrimetric",
    "ref_limit": "-",
    "default_price": "4000.00"
  }
},
{
  "model": "lims.parameter",
  "pk": 35,
  "fields": {
    "group": 5,
    "default_equipment": null,
    "name": "Iodine Value",
    "unit": "g I2/100g",
    "method": "Titrimetric",
    "ref_limit": "-",
    "default_price": "4000.00"
  }
},
{
  "model": "lims.parameter",
  "pk": 36,
  "fields": {
    "group": 5,
    "default_equipment": null,
    "name": "Saponification Value",
    "unit": "mg KOH/g",
    "method": "Titrimetric",
    "ref_limit": "-",
    "default_price": "3500.00"
  }
},
{
  "model": "lims.parameter",
  "pk": 37,
  "fields": {
    "group": 5,
    "default_equipment": null,
    "name": "Acid/Titratable Acid Value",
    "unit": "mg KOH/g",
    "method": "Titrimetric",
    "ref_limit": "-",
    "default_price": "3000.00"
  }
},
{
  "model": "lims.parameter",
  "pk": 38,
  "fields": {
    "group": 6,
    "default_equipment": null,
    "name": "Neutral Detergent Fiber",
    "unit": "% DM",
    "method": "AOAC",
    "ref_limit": "-",
    "default_price": "4000.00"
  }
},
{
  "model": "lims.parameter",
  "pk": 39,
  "fields": {
    "group": 6,
    "default_equipment": null,
    "name": "Acid Detergent Fiber",
    "unit": "% DM",
    "method": "AOAC",
    "ref_limit": "-",
    "default_price": "4000.00"
  }
},
{
  "model": "lims.parameter",
  "pk": 40,
  "fields": {
    "group": 6,
    "default_equipment": null,
    "name": "Acid Detergent Lignin",
    "unit": "% DM",
    "method": "AOAC",
    "ref_limit": "-",
    "default_price": "4500.00"
  }
},
{
  "model": "lims.parameter",
  "pk": 41,
  "fields": {
    "group": 6,
    "default_equipment": null,
    "name": "Cellulose",
    "unit": "% DM",
    "method": "AOAC",
    "ref_limit": "-",
    "default_price": "4500.00"
  }
},
{
  "model": "lims.parameter",
  "pk": 42,
  "fields": {
    "group": 6,
    "default_equipment": null,
    "name": "Hemicelluloses",
    "unit": "% DM",
    "method": "AOAC",
    "ref_limit": "-",
    "default_price": "4500.00"
  }
},
{
  "model": "lims.parameter",
  "pk": 43,
  "fields": {
    "group": 6,
    "default_equipment": null,
    "name": "Digestibility",
    "unit": "%",
    "method": "AOAC",
    "ref_limit": "-",
    "default_price": "4500.00"
  }
},
{
  "model": "lims.parameter",
  "pk": 44,
  "fields": {
    "group": 6,
    "default_equipment": null,
    "name": "Dry Matter Intake",
    "unit": "% BW",
    "method": "AOAC",
    "ref_limit": "-",
    "default_price": "4500.00"
  }
},
{
  "model": "lims.parameter",
  "pk": 45,
  "fields": {
    "group": 6,
    "default_equipment": null,
    "name": "Relative Feed Value",
    "unit": "index",
    "method": "AOAC",
    "ref_limit": "-",
    "default_price": "4500.00"
  }
},
{
  "model": "lims.parameter",
  "pk": 46,
  "fields": {
    "group": 6,
    "default_equipment": null,
    "name": "Volatile Matter",
    "unit": "%",
    "method": "AOAC",
    "ref_limit": "-",
    "default_price": "4500.00"
  }
},
{
  "model": "lims.parameter",
  "pk": 47,
  "fields": {
    "group": 6,
    "default_equipment": null,
    "name": "Fixed Carbon",
    "unit": "%",
    "method": "AOAC",
    "ref_limit": "-",
    "default_price": "4000.00"
  }
},
{
  "model": "lims.parameter",
  "pk": 48,
  "fields": {
    "group": 7,
    "default_equipment": null,
    "name": "Digestion (prep for AAS)",
    "unit": "",
    "method": "-",
    "ref_limit": "-",
    "default_price": "1000.00"
  }
},
{
  "model": "lims.parameter",
  "pk": 49,
  "fields": {
    "group": 7,
    "default_equipment": null,
    "name": "Elemental Determination (Ca, Mg, Zn...)",
    "unit": "",
    "method": "AAS",
    "ref_limit": "-",
    "default_price": "1000.00"
  }
},
{
  "model": "lims.parameter",
  "pk": 50,
  "fields": {
    "group": 7,
    "default_equipment": null,
    "name": "Nitrate",
    "unit": "",
    "method": "-",
    "ref_limit": "-",
    "default_price": "4500.00"
  }
},
{
  "model": "lims.parameter",
  "pk": 51,
  "fields": {
    "group": 7,
    "default_equipment": null,
    "name": "Carbonate",
    "unit": "",
    "method": "-",
    "ref_limit": "-",
    "default_price": "4500.00"
  }
},
{
  "model": "lims.parameter",
  "pk": 52,
  "fields": {
    "group": 7,
    "default_equipment": null,
    "name": "Bromate",
    "unit": "",
    "method": "-",
    "ref_limit": "-",
    "default_price": "4500.00"
  }
},
{
  "model": "lims.parameter",
  "pk": 53,
  "fields": {
    "group": 7,
    "default_equipment": null,
    "name": "NaCl",
    "unit": "",
    "method": "-",
    "ref_limit": "-",
    "default_price": "4500.00"
  }
},
{
  "model": "lims.parameter",
  "pk": 54,
  "fields": {
    "group": 7,
    "default_equipment": null,
    "name": "Organic Matter",
    "unit": "",
    "method": "-",
    "ref_limit": "-",
    "default_price": "4500.00"
  }
},
{
  "model": "lims.parameter",
  "pk": 55,
  "fields": {
    "group": 10,
    "default_equipment": null,
    "name": "Gross Energy",
    "unit": "kcal/kg",
    "method": "Calorimeter",
    "ref_limit": "-",
    "default_price": "4500.00"
  }
},
{
  "model": "lims.parameter",
  "pk": 56,
  "fields": {
    "group": 8,
    "default_equipment": null,
    "name": "Vitamin A",
    "unit": "IU/kg",
    "method": "HPLC",
    "ref_limit": "-",
    "default_price": "10000.00"
  }
},
{
  "model": "lims.parameter",
  "pk": 57,
  "fields": {
    "group": 8,
    "default_equipment": null,
    "name": "Vitamin B1",
    "unit": "mg/kg",
    "method": "HPLC",
    "ref_limit": "-",
    "default_price": "10000.00"
  }
},
{
  "model": "lims.parameter",
  "pk": 58,
  "fields": {
    "group": 8,
    "default_equipment": null,
    "name": "Vitamin B2",
    "unit": "mg/kg",
    "method": "HPLC",
    "ref_limit": "-",
    "default_price": "10000.00"
  }
},
{
  "model": "lims.parameter",
  "pk": 59,
  "fields": {
    "group": 8,
    "default_equipment": null,
    "name": "Vitamin B3",
    "unit": "mg/kg",
    "method": "HPLC",
    "ref_limit": "-",
    "default_price": "10000.00"
  }
},
{
  "model": "lims.parameter",
  "pk": 60,
  "fields": {
    "group": 8,
    "default_equipment": null,
    "name": "Vitamin B6",
    "unit": "mg/kg",
    "method": "HPLC",
    "ref_limit": "-",
    "default_price": "10000.00"
  }
},
{
  "model": "lims.parameter",
  "pk": 61,
  "fields": {
    "group": 8,
    "default_equipment": null,
    "name": "Vitamin B9",
    "unit": "g/kg",
    "method": "HPLC",
    "ref_limit": "-",
    "default_price": "10000.00"
  }
},
{
  "model": "lims.parameter",
  "pk": 62,
  "fields": {
    "group": 8,
    "default_equipment": null,
    "name": "Vitamin B12",
    "unit": "g/kg",
    "method": "HPLC",
    "ref_limit": "-",
    "default_price": "10000.00"
  }
},
{
  "model": "lims.parameter",
  "pk": 63,
  "fields": {
    "group": 8,
    "default_equipment": null,
    "name": "Vitamin C",
    "unit": "mg/kg",
    "method": "HPLC",
    "ref_limit": "-",
    "default_price": "10000.00"
  }
},
{
  "model": "lims.parameter",
  "pk": 64,
  "fields": {
    "group": 8,
    "default_equipment": null,
    "name": "Vitamin D",
    "unit": "IU/kg",
    "method": "HPLC",
    "ref_limit": "-",
    "default_price": "10000.00"
  }
},
{
  "model": "lims.parameter",
  "pk": 65,
  "fields": {
    "group": 8,
    "default_equipment": null,
    "name": "Vitamin E",
    "unit": "mg/kg",
    "method": "HPLC",
    "ref_limit": "-",
    "default_price": "10000.00"
  }
},
{
  "model": "lims.parameter",
  "pk": 66,
  "fields": {
    "group": 8,
    "default_equipment": null,
    "name": "Vitamin K",
    "unit": "g/kg",
    "method": "HPLC",
    "ref_limit": "-",
    "default_price": "10000.00"
  }
},
{
  "model": "lims.parameter",
  "pk": 67,
  "fields": {
    "group": 8,
    "default_equipment": null,
    "name": "Total Aflatoxin",
    "unit": "ppb",
    "method": "Neogen Reader",
    "ref_limit": " 20",
    "default_price": "20000.00"
  }
},
{
  "model": "lims.parameter",
  "pk": 68,
  "fields": {
    "group": 8,
    "default_equipment": null,
    "name": "Aflatoxin B1",
    "unit": "ppb",
    "method": "Neogen Reader",
    "ref_limit": " 5",
    "default_price": "10000.00"
  }
},
{
  "model": "lims.parameter",
  "pk": 69,
  "fields": {
    "group": 8,
    "default_equipment": null,
    "name": "Total Plate Count",
    "unit": "",
    "method": "Prepared Plate",
    "ref_limit": "-",
    "default_price": "4000.00"
  }
},
{
  "model": "lims.parameter",
  "pk": 70,
  "fields": {
    "group": 8,
    "default_equipment": null,
    "name": "Yeast & Mould",
    "unit": "",
    "method": "Prepared Plate",
    "ref_limit": "-",
    "default_price": "4000.00"
  }
},
{
  "model": "lims.parameter",
  "pk": 71,
  "fields": {
    "group": 8,
    "default_equipment": null,
    "name": "Total Coliform",
    "unit": "",
    "method": "Prepared Plate",
    "ref_limit": "-",
    "default_price": "4000.00"
  }
},
{
  "model": "lims.parameter",
  "pk": 72,
  "fields": {
    "group": 9,
    "default_equipment": null,
    "name": "Total Alkalinity",
    "unit": "",
    "method": "Titrimetric",
    "ref_limit": "-",
    "default_price": "4000.00"
  }
},
{
  "model": "lims.parameter",
  "pk": 73,
  "fields": {
    "group": 9,
    "default_equipment": null,
    "name": "Total Acidity",
    "unit": "",
    "method": "Titrimetric",
    "ref_limit": "-",
    "default_price": "4000.00"
  }
},
{
  "model": "lims.parameter",
  "pk": 74,
  "fields": {
    "group": 9,
    "default_equipment": null,
    "name": "Total Dissolved Solid",
    "unit": "",
    "method": "Titrimetric",
    "ref_limit": "-",
    "default_price": "4000.00"
  }
},
{
  "model": "lims.parameter",
  "pk": 75,
  "fields": {
    "group": 9,
    "default_equipment": null,
    "name": "Total Hardness",
    "unit": "",
    "method": "Titrimetric",
    "ref_limit": "-",
    "default_price": "4000.00"
  }
},
{
  "model": "lims.parameter",
  "pk": 76,
  "fields": {
    "group": 9,
    "default_equipment": null,
    "name": "Chloride Ion",
    "unit": "",
    "method": "Titrimetric",
    "ref_limit": "-",
    "default_price": "4000.00"
  }
},
{
  "model": "lims.parameter",
  "pk": 77,
  "fields": {
    "group": 4,
    "default_equipment": null,
    "name": "FRAP",
    "unit": "mol Fe2+/g",
    "method": "-",
    "ref_limit": "-",
    "default_price": "5000.00"
  }
},
{
  "model": "lims.historicaltestassignment",
  "pk": 1,
  "fields": {
    "id": 80,
    "assigned_date": "2025-07-23T11:33:42.991Z",
    "status": "pending",
    "is_control": false,
    "is_reference": false,
    "manager_comment": null,
    "sample": 9,
    "parameter": 5,
    "analyst": null,
    "equipment_used": null,
    "history_date": "2025-07-23T11:33:43.158Z",
    "history_change_reason": null,
    "history_type": "+",
    "history_user": null
  }
},
{
  "model": "lims.historicaltestassignment",
  "pk": 2,
  "fields": {
    "id": 81,
    "assigned_date": "2025-07-23T11:33:43.468Z",
    "status": "pending",
    "is_control": false,
    "is_reference": false,
    "manager_comment": null,
    "sample": 9,
    "parameter": 7,
    "analyst": null,
    "equipment_used": null,
    "history_date": "2025-07-23T11:33:43.691Z",
    "history_change_reason": null,
    "history_type": "+",
    "history_user": null
  }
},
{
  "model": "lims.historicaltestassignment",
  "pk": 3,
  "fields": {
    "id": 81,
    "assigned_date": "2025-07-23T11:34:37.713Z",
    "status": "pending",
    "is_control": false,
    "is_reference": false,
    "manager_comment": null,
    "sample": 9,
    "parameter": 7,
    "analyst": 2,
    "equipment_used": null,
    "history_date": "2025-07-23T11:34:37.723Z",
    "history_change_reason": null,
    "history_type": "~",
    "history_user": null
  }
},
{
  "model": "lims.historicaltestassignment",
  "pk": 4,
  "fields": {
    "id": 80,
    "assigned_date": "2025-07-23T11:34:50.963Z",
    "status": "pending",
    "is_control": false,
    "is_reference": false,
    "manager_comment": null,
    "sample": 9,
    "parameter": 5,
    "analyst": 2,
    "equipment_used": null,
    "history_date": "2025-07-23T11:34:50.975Z",
    "history_change_reason": null,
    "history_type": "~",
    "history_user": null
  }
},
{
  "model": "lims.historicaltestassignment",
  "pk": 5,
  "fields": {
    "id": 82,
    "assigned_date": "2025-07-23T11:34:51.685Z",
    "status": "pending",
    "is_control": true,
    "is_reference": false,
    "manager_comment": null,
    "sample": 10,
    "parameter": 5,
    "analyst": 2,
    "equipment_used": null,
    "history_date": "2025-07-23T11:34:51.693Z",
    "history_change_reason": null,
    "history_type": "+",
    "history_user": null
  }
},
{
  "model": "lims.historicaltestassignment",
  "pk": 6,
  "fields": {
    "id": 80,
    "assigned_date": "2025-07-23T11:34:50.963Z",
    "status": "completed",
    "is_control": false,
    "is_reference": false,
    "manager_comment": null,
    "sample": 9,
    "parameter": 5,
    "analyst": 2,
    "equipment_used": 1,
    "history_date": "2025-07-23T11:35:44.021Z",
    "history_change_reason": null,
    "history_type": "~",
    "history_user": null
  }
},
{
  "model": "lims.historicaltestassignment",
  "pk": 7,
  "fields": {
    "id": 82,
    "assigned_date": "2025-07-23T11:34:51.685Z",
    "status": "completed",
    "is_control": true,
    "is_reference": false,
    "manager_comment": null,
    "sample": 10,
    "parameter": 5,
    "analyst": 2,
    "equipment_used": null,
    "history_date": "2025-07-23T11:35:44.024Z",
    "history_change_reason": null,
    "history_type": "~",
    "history_user": null
  }
},
{
  "model": "lims.historicaltestassignment",
  "pk": 8,
  "fields": {
    "id": 81,
    "assigned_date": "2025-07-23T11:34:37.713Z",
    "status": "completed",
    "is_control": false,
    "is_reference": false,
    "manager_comment": null,
    "sample": 9,
    "parameter": 7,
    "analyst": 2,
    "equipment_used": null,
    "history_date": "2025-07-23T11:36:08.165Z",
    "history_change_reason": null,
    "history_type": "~",
    "history_user": null
  }
},
{
  "model": "lims.historicaltestassignment",
  "pk": 9,
  "fields": {
    "id": 80,
    "assigned_date": "2025-07-23T11:34:50.963Z",
    "status": "verified",
    "is_control": false,
    "is_reference": false,
    "manager_comment": "",
    "sample": 9,
    "parameter": 5,
    "analyst": 2,
    "equipment_used": 1,
    "history_date": "2025-07-23T11:37:34.340Z",
    "history_change_reason": null,
    "history_type": "~",
    "history_user": null
  }
},
{
  "model": "lims.historicaltestassignment",
  "pk": 10,
  "fields": {
    "id": 82,
    "assigned_date": "2025-07-23T11:34:51.685Z",
    "status": "verified",
    "is_control": true,
    "is_reference": false,
    "manager_comment": "",
    "sample": 10,
    "parameter": 5,
    "analyst": 2,
    "equipment_used": null,
    "history_date": "2025-07-23T11:37:34.647Z",
    "history_change_reason": null,
    "history_type": "~",
    "history_user": null
  }
},
{
  "model": "lims.historicaltestassignment",
  "pk": 11,
  "fields": {
    "id": 81,
    "assigned_date": "2025-07-23T11:34:37.713Z",
    "status": "verified",
    "is_control": false,
    "is_reference": false,
    "manager_comment": "",
    "sample": 9,
    "parameter": 7,
    "analyst": 2,
    "equipment_used": null,
    "history_date": "2025-07-23T11:37:59.876Z",
    "history_change_reason": null,
    "history_type": "~",
    "history_user": null
  }
},
{
  "model": "lims.historicaltestassignment",
  "pk": 12,
  "fields": {
    "id": 83,
    "assigned_date": "2025-07-24T08:23:10.272Z",
    "status": "pending",
    "is_control": false,
    "is_reference": false,
    "manager_comment": null,
    "sample": 11,
    "parameter": 1,
    "analyst": null,
    "equipment_used": null,
    "history_date": "2025-07-24T08:23:10.421Z",
    "history_change_reason": null,
    "history_type": "+",
    "history_user": 4
  }
},
{
  "model": "lims.historicaltestassignment",
  "pk": 13,
  "fields": {
    "id": 84,
    "assigned_date": "2025-07-24T08:23:10.737Z",
    "status": "pending",
    "is_control": false,
    "is_reference": false,
    "manager_comment": null,
    "sample": 11,
    "parameter": 2,
    "analyst": null,
    "equipment_used": null,
    "history_date": "2025-07-24T08:23:10.881Z",
    "history_change_reason": null,
    "history_type": "+",
    "history_user": 4
  }
},
{
  "model": "lims.historicaltestassignment",
  "pk": 14,
  "fields": {
    "id": 85,
    "assigned_date": "2025-07-24T08:23:11.011Z",
    "status": "pending",
    "is_control": false,
    "is_reference": false,
    "manager_comment": null,
    "sample": 11,
    "parameter": 3,
    "analyst": null,
    "equipment_used": null,
    "history_date": "2025-07-24T08:23:11.181Z",
    "history_change_reason": null,
    "history_type": "+",
    "history_user": 4
  }
},
{
  "model": "lims.historicaltestassignment",
  "pk": 15,
  "fields": {
    "id": 86,
    "assigned_date": "2025-07-24T08:23:11.336Z",
    "status": "pending",
    "is_control": false,
    "is_reference": false,
    "manager_comment": null,
    "sample": 11,
    "parameter": 4,
    "analyst": null,
    "equipment_used": null,
    "history_date": "2025-07-24T08:23:11.554Z",
    "history_change_reason": null,
    "history_type": "+",
    "history_user": 4
  }
},
{
  "model": "lims.historicaltestassignment",
  "pk": 16,
  "fields": {
    "id": 87,
    "assigned_date": "2025-07-24T08:23:11.722Z",
    "status": "pending",
    "is_control": false,
    "is_reference": false,
    "manager_comment": null,
    "sample": 11,
    "parameter": 5,
    "analyst": null,
    "equipment_used": null,
    "history_date": "2025-07-24T08:23:11.862Z",
    "history_change_reason": null,
    "history_type": "+",
    "history_user": 4
  }
},
{
  "model": "lims.historicaltestassignment",
  "pk": 17,
  "fields": {
    "id": 88,
    "assigned_date": "2025-07-24T08:52:54.185Z",
    "status": "pending",
    "is_control": false,
    "is_reference": false,
    "manager_comment": null,
    "sample": 12,
    "parameter": 1,
    "analyst": null,
    "equipment_used": null,
    "history_date": "2025-07-24T08:52:54.407Z",
    "history_change_reason": null,
    "history_type": "+",
    "history_user": 4
  }
},
{
  "model": "lims.historicaltestassignment",
  "pk": 18,
  "fields": {
    "id": 89,
    "assigned_date": "2025-07-24T08:52:54.722Z",
    "status": "pending",
    "is_control": false,
    "is_reference": false,
    "manager_comment": null,
    "sample": 12,
    "parameter": 2,
    "analyst": null,
    "equipment_used": null,
    "history_date": "2025-07-24T08:52:55.122Z",
    "history_change_reason": null,
    "history_type": "+",
    "history_user": 4
  }
},
{
  "model": "lims.historicaltestassignment",
  "pk": 19,
  "fields": {
    "id": 90,
    "assigned_date": "2025-07-24T08:52:55.483Z",
    "status": "pending",
    "is_control": false,
    "is_reference": false,
    "manager_comment": null,
    "sample": 12,
    "parameter": 3,
    "analyst": null,
    "equipment_used": null,
    "history_date": "2025-07-24T08:52:55.782Z",
    "history_change_reason": null,
    "history_type": "+",
    "history_user": 4
  }
},
{
  "model": "lims.historicaltestassignment",
  "pk": 20,
  "fields": {
    "id": 91,
    "assigned_date": "2025-07-24T08:52:56.185Z",
    "status": "pending",
    "is_control": false,
    "is_reference": false,
    "manager_comment": null,
    "sample": 12,
    "parameter": 4,
    "analyst": null,
    "equipment_used": null,
    "history_date": "2025-07-24T08:52:56.534Z",
    "history_change_reason": null,
    "history_type": "+",
    "history_user": 4
  }
},
{
  "model": "lims.historicaltestassignment",
  "pk": 21,
  "fields": {
    "id": 92,
    "assigned_date": "2025-07-24T08:52:56.849Z",
    "status": "pending",
    "is_control": false,
    "is_reference": false,
    "manager_comment": null,
    "sample": 12,
    "parameter": 5,
    "analyst": null,
    "equipment_used": null,
    "history_date": "2025-07-24T08:52:57.218Z",
    "history_change_reason": null,
    "history_type": "+",
    "history_user": 4
  }
},
{
  "model": "lims.historicaltestassignment",
  "pk": 22,
  "fields": {
    "id": 93,
    "assigned_date": "2025-07-24T12:20:18.545Z",
    "status": "pending",
    "is_control": false,
    "is_reference": false,
    "manager_comment": null,
    "sample": 13,
    "parameter": 1,
    "analyst": null,
    "equipment_used": null,
    "history_date": "2025-07-24T12:20:18.747Z",
    "history_change_reason": null,
    "history_type": "+",
    "history_user": 4
  }
},
{
  "model": "lims.historicaltestassignment",
  "pk": 23,
  "fields": {
    "id": 94,
    "assigned_date": "2025-07-24T12:20:18.945Z",
    "status": "pending",
    "is_control": false,
    "is_reference": false,
    "manager_comment": null,
    "sample": 13,
    "parameter": 2,
    "analyst": null,
    "equipment_used": null,
    "history_date": "2025-07-24T12:20:19.095Z",
    "history_change_reason": null,
    "history_type": "+",
    "history_user": 4
  }
},
{
  "model": "lims.historicaltestassignment",
  "pk": 24,
  "fields": {
    "id": 95,
    "assigned_date": "2025-07-24T12:20:19.209Z",
    "status": "pending",
    "is_control": false,
    "is_reference": false,
    "manager_comment": null,
    "sample": 13,
    "parameter": 3,
    "analyst": null,
    "equipment_used": null,
    "history_date": "2025-07-24T12:20:19.324Z",
    "history_change_reason": null,
    "history_type": "+",
    "history_user": 4
  }
},
{
  "model": "lims.historicaltestassignment",
  "pk": 25,
  "fields": {
    "id": 96,
    "assigned_date": "2025-07-24T12:20:19.465Z",
    "status": "pending",
    "is_control": false,
    "is_reference": false,
    "manager_comment": null,
    "sample": 13,
    "parameter": 4,
    "analyst": null,
    "equipment_used": null,
    "history_date": "2025-07-24T12:20:19.627Z",
    "history_change_reason": null,
    "history_type": "+",
    "history_user": 4
  }
},
{
  "model": "lims.historicaltestassignment",
  "pk": 26,
  "fields": {
    "id": 97,
    "assigned_date": "2025-07-24T12:20:19.760Z",
    "status": "pending",
    "is_control": false,
    "is_reference": false,
    "manager_comment": null,
    "sample": 13,
    "parameter": 5,
    "analyst": null,
    "equipment_used": null,
    "history_date": "2025-07-24T12:20:19.892Z",
    "history_change_reason": null,
    "history_type": "+",
    "history_user": 4
  }
},
{
  "model": "lims.historicaltestassignment",
  "pk": 27,
  "fields": {
    "id": 98,
    "assigned_date": "2025-07-24T12:20:20.440Z",
    "status": "pending",
    "is_control": false,
    "is_reference": false,
    "manager_comment": null,
    "sample": 14,
    "parameter": 1,
    "analyst": null,
    "equipment_used": null,
    "history_date": "2025-07-24T12:20:20.570Z",
    "history_change_reason": null,
    "history_type": "+",
    "history_user": 4
  }
},
{
  "model": "lims.historicaltestassignment",
  "pk": 28,
  "fields": {
    "id": 99,
    "assigned_date": "2025-07-24T12:20:20.671Z",
    "status": "pending",
    "is_control": false,
    "is_reference": false,
    "manager_comment": null,
    "sample": 14,
    "parameter": 2,
    "analyst": null,
    "equipment_used": null,
    "history_date": "2025-07-24T12:20:20.830Z",
    "history_change_reason": null,
    "history_type": "+",
    "history_user": 4
  }
},
{
  "model": "lims.historicaltestassignment",
  "pk": 29,
  "fields": {
    "id": 100,
    "assigned_date": "2025-07-24T12:20:21.023Z",
    "status": "pending",
    "is_control": false,
    "is_reference": false,
    "manager_comment": null,
    "sample": 14,
    "parameter": 3,
    "analyst": null,
    "equipment_used": null,
    "history_date": "2025-07-24T12:20:21.190Z",
    "history_change_reason": null,
    "history_type": "+",
    "history_user": 4
  }
},
{
  "model": "lims.historicaltestassignment",
  "pk": 30,
  "fields": {
    "id": 101,
    "assigned_date": "2025-07-24T12:20:21.300Z",
    "status": "pending",
    "is_control": false,
    "is_reference": false,
    "manager_comment": null,
    "sample": 14,
    "parameter": 4,
    "analyst": null,
    "equipment_used": null,
    "history_date": "2025-07-24T12:20:21.466Z",
    "history_change_reason": null,
    "history_type": "+",
    "history_user": 4
  }
},
{
  "model": "lims.historicaltestassignment",
  "pk": 31,
  "fields": {
    "id": 102,
    "assigned_date": "2025-07-24T12:20:21.623Z",
    "status": "pending",
    "is_control": false,
    "is_reference": false,
    "manager_comment": null,
    "sample": 14,
    "parameter": 5,
    "analyst": null,
    "equipment_used": null,
    "history_date": "2025-07-24T12:20:21.788Z",
    "history_change_reason": null,
    "history_type": "+",
    "history_user": 4
  }
},
{
  "model": "lims.historicaltestassignment",
  "pk": 32,
  "fields": {
    "id": 103,
    "assigned_date": "2025-07-24T12:20:22.180Z",
    "status": "pending",
    "is_control": false,
    "is_reference": false,
    "manager_comment": null,
    "sample": 15,
    "parameter": 1,
    "analyst": null,
    "equipment_used": null,
    "history_date": "2025-07-24T12:20:22.452Z",
    "history_change_reason": null,
    "history_type": "+",
    "history_user": 4
  }
},
{
  "model": "lims.historicaltestassignment",
  "pk": 33,
  "fields": {
    "id": 104,
    "assigned_date": "2025-07-24T12:20:22.630Z",
    "status": "pending",
    "is_control": false,
    "is_reference": false,
    "manager_comment": null,
    "sample": 15,
    "parameter": 2,
    "analyst": null,
    "equipment_used": null,
    "history_date": "2025-07-24T12:20:22.739Z",
    "history_change_reason": null,
    "history_type": "+",
    "history_user": 4
  }
},
{
  "model": "lims.historicaltestassignment",
  "pk": 34,
  "fields": {
    "id": 105,
    "assigned_date": "2025-07-24T12:20:22.860Z",
    "status": "pending",
    "is_control": false,
    "is_reference": false,
    "manager_comment": null,
    "sample": 15,
    "parameter": 3,
    "analyst": null,
    "equipment_used": null,
    "history_date": "2025-07-24T12:20:23.006Z",
    "history_change_reason": null,
    "history_type": "+",
    "history_user": 4
  }
},
{
  "model": "lims.historicaltestassignment",
  "pk": 35,
  "fields": {
    "id": 106,
    "assigned_date": "2025-07-24T12:20:23.222Z",
    "status": "pending",
    "is_control": false,
    "is_reference": false,
    "manager_comment": null,
    "sample": 15,
    "parameter": 4,
    "analyst": null,
    "equipment_used": null,
    "history_date": "2025-07-24T12:20:23.338Z",
    "history_change_reason": null,
    "history_type": "+",
    "history_user": 4
  }
},
{
  "model": "lims.historicaltestassignment",
  "pk": 36,
  "fields": {
    "id": 107,
    "assigned_date": "2025-07-24T12:20:23.472Z",
    "status": "pending",
    "is_control": false,
    "is_reference": false,
    "manager_comment": null,
    "sample": 15,
    "parameter": 5,
    "analyst": null,
    "equipment_used": null,
    "history_date": "2025-07-24T12:20:23.706Z",
    "history_change_reason": null,
    "history_type": "+",
    "history_user": 4
  }
},
{
  "model": "lims.historicaltestassignment",
  "pk": 37,
  "fields": {
    "id": 108,
    "assigned_date": "2025-07-24T12:20:24.248Z",
    "status": "pending",
    "is_control": false,
    "is_reference": false,
    "manager_comment": null,
    "sample": 16,
    "parameter": 1,
    "analyst": null,
    "equipment_used": null,
    "history_date": "2025-07-24T12:20:24.457Z",
    "history_change_reason": null,
    "history_type": "+",
    "history_user": 4
  }
},
{
  "model": "lims.historicaltestassignment",
  "pk": 38,
  "fields": {
    "id": 109,
    "assigned_date": "2025-07-24T12:20:24.730Z",
    "status": "pending",
    "is_control": false,
    "is_reference": false,
    "manager_comment": null,
    "sample": 16,
    "parameter": 2,
    "analyst": null,
    "equipment_used": null,
    "history_date": "2025-07-24T12:20:24.877Z",
    "history_change_reason": null,
    "history_type": "+",
    "history_user": 4
  }
},
{
  "model": "lims.historicaltestassignment",
  "pk": 39,
  "fields": {
    "id": 110,
    "assigned_date": "2025-07-24T12:20:25.058Z",
    "status": "pending",
    "is_control": false,
    "is_reference": false,
    "manager_comment": null,
    "sample": 16,
    "parameter": 3,
    "analyst": null,
    "equipment_used": null,
    "history_date": "2025-07-24T12:20:25.212Z",
    "history_change_reason": null,
    "history_type": "+",
    "history_user": 4
  }
},
{
  "model": "lims.historicaltestassignment",
  "pk": 40,
  "fields": {
    "id": 111,
    "assigned_date": "2025-07-24T12:20:25.354Z",
    "status": "pending",
    "is_control": false,
    "is_reference": false,
    "manager_comment": null,
    "sample": 16,
    "parameter": 4,
    "analyst": null,
    "equipment_used": null,
    "history_date": "2025-07-24T12:20:25.584Z",
    "history_change_reason": null,
    "history_type": "+",
    "history_user": 4
  }
},
{
  "model": "lims.historicaltestassignment",
  "pk": 41,
  "fields": {
    "id": 112,
    "assigned_date": "2025-07-24T12:20:25.725Z",
    "status": "pending",
    "is_control": false,
    "is_reference": false,
    "manager_comment": null,
    "sample": 16,
    "parameter": 5,
    "analyst": null,
    "equipment_used": null,
    "history_date": "2025-07-24T12:20:25.921Z",
    "history_change_reason": null,
    "history_type": "+",
    "history_user": 4
  }
},
{
  "model": "lims.historicaltestassignment",
  "pk": 42,
  "fields": {
    "id": 113,
    "assigned_date": "2025-07-24T12:20:26.052Z",
    "status": "pending",
    "is_control": false,
    "is_reference": false,
    "manager_comment": null,
    "sample": 16,
    "parameter": 20,
    "analyst": null,
    "equipment_used": null,
    "history_date": "2025-07-24T12:20:26.182Z",
    "history_change_reason": null,
    "history_type": "+",
    "history_user": 4
  }
},
{
  "model": "lims.historicaltestassignment",
  "pk": 43,
  "fields": {
    "id": 114,
    "assigned_date": "2025-07-24T12:20:26.685Z",
    "status": "pending",
    "is_control": false,
    "is_reference": false,
    "manager_comment": null,
    "sample": 17,
    "parameter": 1,
    "analyst": null,
    "equipment_used": null,
    "history_date": "2025-07-24T12:20:26.913Z",
    "history_change_reason": null,
    "history_type": "+",
    "history_user": 4
  }
},
{
  "model": "lims.historicaltestassignment",
  "pk": 44,
  "fields": {
    "id": 115,
    "assigned_date": "2025-07-24T12:20:27.146Z",
    "status": "pending",
    "is_control": false,
    "is_reference": false,
    "manager_comment": null,
    "sample": 17,
    "parameter": 2,
    "analyst": null,
    "equipment_used": null,
    "history_date": "2025-07-24T12:20:27.355Z",
    "history_change_reason": null,
    "history_type": "+",
    "history_user": 4
  }
},
{
  "model": "lims.historicaltestassignment",
  "pk": 45,
  "fields": {
    "id": 116,
    "assigned_date": "2025-07-24T12:20:27.539Z",
    "status": "pending",
    "is_control": false,
    "is_reference": false,
    "manager_comment": null,
    "sample": 17,
    "parameter": 3,
    "analyst": null,
    "equipment_used": null,
    "history_date": "2025-07-24T12:20:27.646Z",
    "history_change_reason": null,
    "history_type": "+",
    "history_user": 4
  }
},
{
  "model": "lims.historicaltestassignment",
  "pk": 46,
  "fields": {
    "id": 117,
    "assigned_date": "2025-07-24T12:20:27.782Z",
    "status": "pending",
    "is_control": false,
    "is_reference": false,
    "manager_comment": null,
    "sample": 17,
    "parameter": 4,
    "analyst": null,
    "equipment_used": null,
    "history_date": "2025-07-24T12:20:28.022Z",
    "history_change_reason": null,
    "history_type": "+",
    "history_user": 4
  }
},
{
  "model": "lims.historicaltestassignment",
  "pk": 47,
  "fields": {
    "id": 118,
    "assigned_date": "2025-07-24T12:20:28.393Z",
    "status": "pending",
    "is_control": false,
    "is_reference": false,
    "manager_comment": null,
    "sample": 17,
    "parameter": 5,
    "analyst": null,
    "equipment_used": null,
    "history_date": "2025-07-24T12:20:28.557Z",
    "history_change_reason": null,
    "history_type": "+",
    "history_user": 4
  }
},
{
  "model": "lims.historicaltestassignment",
  "pk": 48,
  "fields": {
    "id": 119,
    "assigned_date": "2025-07-24T12:20:28.790Z",
    "status": "pending",
    "is_control": false,
    "is_reference": false,
    "manager_comment": null,
    "sample": 17,
    "parameter": 20,
    "analyst": null,
    "equipment_used": null,
    "history_date": "2025-07-24T12:20:28.930Z",
    "history_change_reason": null,
    "history_type": "+",
    "history_user": 4
  }
},
{
  "model": "lims.historicaltestassignment",
  "pk": 49,
  "fields": {
    "id": 89,
    "assigned_date": "2025-07-24T20:44:08.456Z",
    "status": "pending",
    "is_control": false,
    "is_reference": false,
    "manager_comment": null,
    "sample": 12,
    "parameter": 2,
    "analyst": 2,
    "equipment_used": null,
    "history_date": "2025-07-24T20:44:08.473Z",
    "history_change_reason": null,
    "history_type": "~",
    "history_user": 1
  }
},
{
  "model": "lims.historicaltestassignment",
  "pk": 50,
  "fields": {
    "id": 120,
    "assigned_date": "2025-07-24T20:44:09.208Z",
    "status": "pending",
    "is_control": true,
    "is_reference": false,
    "manager_comment": null,
    "sample": 18,
    "parameter": 2,
    "analyst": 2,
    "equipment_used": null,
    "history_date": "2025-07-24T20:44:09.218Z",
    "history_change_reason": null,
    "history_type": "+",
    "history_user": 1
  }
},
{
  "model": "lims.historicaltestassignment",
  "pk": 51,
  "fields": {
    "id": 89,
    "assigned_date": "2025-07-24T20:44:22.919Z",
    "status": "pending",
    "is_control": false,
    "is_reference": false,
    "manager_comment": null,
    "sample": 12,
    "parameter": 2,
    "analyst": 2,
    "equipment_used": null,
    "history_date": "2025-07-24T20:44:22.931Z",
    "history_change_reason": null,
    "history_type": "~",
    "history_user": 1
  }
},
{
  "model": "lims.historicaltestassignment",
  "pk": 52,
  "fields": {
    "id": 121,
    "assigned_date": "2025-07-24T20:44:23.208Z",
    "status": "pending",
    "is_control": true,
    "is_reference": false,
    "manager_comment": null,
    "sample": 19,
    "parameter": 2,
    "analyst": 2,
    "equipment_used": null,
    "history_date": "2025-07-24T20:44:23.218Z",
    "history_change_reason": null,
    "history_type": "+",
    "history_user": 1
  }
},
{
  "model": "lims.historicaltestassignment",
  "pk": 53,
  "fields": {
    "id": 89,
    "assigned_date": "2025-07-24T20:45:56.408Z",
    "status": "pending",
    "is_control": false,
    "is_reference": false,
    "manager_comment": null,
    "sample": 12,
    "parameter": 2,
    "analyst": 2,
    "equipment_used": null,
    "history_date": "2025-07-24T20:45:56.438Z",
    "history_change_reason": null,
    "history_type": "~",
    "history_user": 1
  }
},
{
  "model": "lims.historicaltestassignment",
  "pk": 54,
  "fields": {
    "id": 122,
    "assigned_date": "2025-07-24T20:45:56.813Z",
    "status": "pending",
    "is_control": true,
    "is_reference": false,
    "manager_comment": null,
    "sample": 20,
    "parameter": 2,
    "analyst": 2,
    "equipment_used": null,
    "history_date": "2025-07-24T20:45:56.838Z",
    "history_change_reason": null,
    "history_type": "+",
    "history_user": 1
  }
},
{
  "model": "lims.historicaltestassignment",
  "pk": 55,
  "fields": {
    "id": 89,
    "assigned_date": "2025-07-24T20:56:16.328Z",
    "status": "pending",
    "is_control": false,
    "is_reference": false,
    "manager_comment": null,
    "sample": 12,
    "parameter": 2,
    "analyst": 2,
    "equipment_used": null,
    "history_date": "2025-07-24T20:56:16.348Z",
    "history_change_reason": null,
    "history_type": "~",
    "history_user": 1
  }
},
{
  "model": "lims.historicaltestassignment",
  "pk": 56,
  "fields": {
    "id": 123,
    "assigned_date": "2025-07-24T20:56:16.678Z",
    "status": "pending",
    "is_control": true,
    "is_reference": false,
    "manager_comment": null,
    "sample": 21,
    "parameter": 2,
    "analyst": 2,
    "equipment_used": null,
    "history_date": "2025-07-24T20:56:16.692Z",
    "history_change_reason": null,
    "history_type": "+",
    "history_user": 1
  }
},
{
  "model": "lims.historicaltestassignment",
  "pk": 57,
  "fields": {
    "id": 89,
    "assigned_date": "2025-07-24T20:57:02.907Z",
    "status": "pending",
    "is_control": false,
    "is_reference": false,
    "manager_comment": null,
    "sample": 12,
    "parameter": 2,
    "analyst": 2,
    "equipment_used": null,
    "history_date": "2025-07-24T20:57:02.918Z",
    "history_change_reason": null,
    "history_type": "~",
    "history_user": 1
  }
},
{
  "model": "lims.historicaltestassignment",
  "pk": 58,
  "fields": {
    "id": 124,
    "assigned_date": "2025-07-24T20:57:03.149Z",
    "status": "pending",
    "is_control": true,
    "is_reference": false,
    "manager_comment": null,
    "sample": 22,
    "parameter": 2,
    "analyst": 2,
    "equipment_used": null,
    "history_date": "2025-07-24T20:57:03.162Z",
    "history_change_reason": null,
    "history_type": "+",
    "history_user": 1
  }
},
{
  "model": "lims.historicaltestassignment",
  "pk": 59,
  "fields": {
    "id": 91,
    "assigned_date": "2025-07-24T20:57:39.977Z",
    "status": "pending",
    "is_control": false,
    "is_reference": false,
    "manager_comment": null,
    "sample": 12,
    "parameter": 4,
    "analyst": 2,
    "equipment_used": null,
    "history_date": "2025-07-24T20:57:39.991Z",
    "history_change_reason": null,
    "history_type": "~",
    "history_user": 1
  }
},
{
  "model": "lims.historicaltestassignment",
  "pk": 60,
  "fields": {
    "id": 125,
    "assigned_date": "2025-07-24T20:57:40.356Z",
    "status": "pending",
    "is_control": true,
    "is_reference": false,
    "manager_comment": null,
    "sample": 23,
    "parameter": 4,
    "analyst": 2,
    "equipment_used": null,
    "history_date": "2025-07-24T20:57:40.368Z",
    "history_change_reason": null,
    "history_type": "+",
    "history_user": 1
  }
},
{
  "model": "lims.historicaltestassignment",
  "pk": 61,
  "fields": {
    "id": 92,
    "assigned_date": "2025-07-24T20:58:37.513Z",
    "status": "pending",
    "is_control": false,
    "is_reference": false,
    "manager_comment": null,
    "sample": 12,
    "parameter": 5,
    "analyst": 2,
    "equipment_used": null,
    "history_date": "2025-07-24T20:58:37.525Z",
    "history_change_reason": null,
    "history_type": "~",
    "history_user": 1
  }
},
{
  "model": "lims.historicaltestassignment",
  "pk": 62,
  "fields": {
    "id": 126,
    "assigned_date": "2025-07-24T20:58:37.838Z",
    "status": "pending",
    "is_control": true,
    "is_reference": false,
    "manager_comment": null,
    "sample": 24,
    "parameter": 5,
    "analyst": 2,
    "equipment_used": null,
    "history_date": "2025-07-24T20:58:37.838Z",
    "history_change_reason": null,
    "history_type": "+",
    "history_user": 1
  }
},
{
  "model": "lims.historicaltestassignment",
  "pk": 63,
  "fields": {
    "id": 84,
    "assigned_date": "2025-07-24T21:22:37.750Z",
    "status": "pending",
    "is_control": false,
    "is_reference": false,
    "manager_comment": null,
    "sample": 11,
    "parameter": 2,
    "analyst": 2,
    "equipment_used": null,
    "history_date": "2025-07-24T21:22:37.757Z",
    "history_change_reason": null,
    "history_type": "~",
    "history_user": 4
  }
},
{
  "model": "lims.historicaltestassignment",
  "pk": 64,
  "fields": {
    "id": 127,
    "assigned_date": "2025-07-24T21:22:38.446Z",
    "status": "pending",
    "is_control": true,
    "is_reference": false,
    "manager_comment": null,
    "sample": 25,
    "parameter": 2,
    "analyst": 2,
    "equipment_used": null,
    "history_date": "2025-07-24T21:22:38.461Z",
    "history_change_reason": null,
    "history_type": "+",
    "history_user": 4
  }
},
{
  "model": "lims.historicaltestassignment",
  "pk": 65,
  "fields": {
    "id": 83,
    "assigned_date": "2025-07-24T21:22:53.899Z",
    "status": "pending",
    "is_control": false,
    "is_reference": false,
    "manager_comment": null,
    "sample": 11,
    "parameter": 1,
    "analyst": 2,
    "equipment_used": null,
    "history_date": "2025-07-24T21:22:53.909Z",
    "history_change_reason": null,
    "history_type": "~",
    "history_user": 4
  }
},
{
  "model": "lims.historicaltestassignment",
  "pk": 66,
  "fields": {
    "id": 128,
    "assigned_date": "2025-07-24T21:22:54.167Z",
    "status": "pending",
    "is_control": true,
    "is_reference": false,
    "manager_comment": null,
    "sample": 26,
    "parameter": 1,
    "analyst": 2,
    "equipment_used": null,
    "history_date": "2025-07-24T21:22:54.179Z",
    "history_change_reason": null,
    "history_type": "+",
    "history_user": 4
  }
},
{
  "model": "lims.historicaltestassignment",
  "pk": 67,
  "fields": {
    "id": 85,
    "assigned_date": "2025-07-24T21:23:11.558Z",
    "status": "pending",
    "is_control": false,
    "is_reference": false,
    "manager_comment": null,
    "sample": 11,
    "parameter": 3,
    "analyst": 2,
    "equipment_used": null,
    "history_date": "2025-07-24T21:23:11.568Z",
    "history_change_reason": null,
    "history_type": "~",
    "history_user": 4
  }
},
{
  "model": "lims.historicaltestassignment",
  "pk": 68,
  "fields": {
    "id": 129,
    "assigned_date": "2025-07-24T21:23:11.986Z",
    "status": "pending",
    "is_control": true,
    "is_reference": false,
    "manager_comment": null,
    "sample": 27,
    "parameter": 3,
    "analyst": 2,
    "equipment_used": null,
    "history_date": "2025-07-24T21:23:12.004Z",
    "history_change_reason": null,
    "history_type": "+",
    "history_user": 4
  }
},
{
  "model": "lims.historicaltestassignment",
  "pk": 69,
  "fields": {
    "id": 86,
    "assigned_date": "2025-07-24T21:24:03.305Z",
    "status": "pending",
    "is_control": false,
    "is_reference": false,
    "manager_comment": null,
    "sample": 11,
    "parameter": 4,
    "analyst": 2,
    "equipment_used": null,
    "history_date": "2025-07-24T21:24:03.316Z",
    "history_change_reason": null,
    "history_type": "~",
    "history_user": 4
  }
},
{
  "model": "lims.historicaltestassignment",
  "pk": 70,
  "fields": {
    "id": 130,
    "assigned_date": "2025-07-24T21:24:03.742Z",
    "status": "pending",
    "is_control": true,
    "is_reference": false,
    "manager_comment": null,
    "sample": 28,
    "parameter": 4,
    "analyst": 2,
    "equipment_used": null,
    "history_date": "2025-07-24T21:24:03.757Z",
    "history_change_reason": null,
    "history_type": "+",
    "history_user": 4
  }
},
{
  "model": "lims.historicaltestassignment",
  "pk": 71,
  "fields": {
    "id": 87,
    "assigned_date": "2025-07-24T21:24:19.991Z",
    "status": "pending",
    "is_control": false,
    "is_reference": false,
    "manager_comment": null,
    "sample": 11,
    "parameter": 5,
    "analyst": 2,
    "equipment_used": null,
    "history_date": "2025-07-24T21:24:19.996Z",
    "history_change_reason": null,
    "history_type": "~",
    "history_user": 4
  }
},
{
  "model": "lims.historicaltestassignment",
  "pk": 72,
  "fields": {
    "id": 131,
    "assigned_date": "2025-07-24T21:24:20.486Z",
    "status": "pending",
    "is_control": true,
    "is_reference": false,
    "manager_comment": null,
    "sample": 29,
    "parameter": 5,
    "analyst": 2,
    "equipment_used": null,
    "history_date": "2025-07-24T21:24:20.500Z",
    "history_change_reason": null,
    "history_type": "+",
    "history_user": 4
  }
},
{
  "model": "lims.historicaltestassignment",
  "pk": 73,
  "fields": {
    "id": 89,
    "assigned_date": "2025-07-24T20:57:02.907Z",
    "status": "completed",
    "is_control": false,
    "is_reference": false,
    "manager_comment": null,
    "sample": 12,
    "parameter": 2,
    "analyst": 2,
    "equipment_used": null,
    "history_date": "2025-07-24T21:33:24.986Z",
    "history_change_reason": null,
    "history_type": "~",
    "history_user": 2
  }
},
{
  "model": "lims.historicaltestassignment",
  "pk": 74,
  "fields": {
    "id": 120,
    "assigned_date": "2025-07-24T20:44:09.208Z",
    "status": "completed",
    "is_control": true,
    "is_reference": false,
    "manager_comment": null,
    "sample": 18,
    "parameter": 2,
    "analyst": 2,
    "equipment_used": null,
    "history_date": "2025-07-24T21:33:24.998Z",
    "history_change_reason": null,
    "history_type": "~",
    "history_user": 2
  }
},
{
  "model": "lims.historicaltestassignment",
  "pk": 75,
  "fields": {
    "id": 131,
    "assigned_date": "2025-07-24T21:24:20.486Z",
    "status": "pending",
    "is_control": true,
    "is_reference": false,
    "manager_comment": null,
    "sample": 29,
    "parameter": 5,
    "analyst": 2,
    "equipment_used": null,
    "history_date": "2025-07-24T21:35:10.241Z",
    "history_change_reason": null,
    "history_type": "-",
    "history_user": 1
  }
},
{
  "model": "lims.historicaltestassignment",
  "pk": 76,
  "fields": {
    "id": 130,
    "assigned_date": "2025-07-24T21:24:03.742Z",
    "status": "pending",
    "is_control": true,
    "is_reference": false,
    "manager_comment": null,
    "sample": 28,
    "parameter": 4,
    "analyst": 2,
    "equipment_used": null,
    "history_date": "2025-07-24T21:35:10.246Z",
    "history_change_reason": null,
    "history_type": "-",
    "history_user": 1
  }
},
{
  "model": "lims.historicaltestassignment",
  "pk": 77,
  "fields": {
    "id": 129,
    "assigned_date": "2025-07-24T21:23:11.986Z",
    "status": "pending",
    "is_control": true,
    "is_reference": false,
    "manager_comment": null,
    "sample": 27,
    "parameter": 3,
    "analyst": 2,
    "equipment_used": null,
    "history_date": "2025-07-24T21:35:10.252Z",
    "history_change_reason": null,
    "history_type": "-",
    "history_user": 1
  }
},
{
  "model": "lims.historicaltestassignment",
  "pk": 78,
  "fields": {
    "id": 128,
    "assigned_date": "2025-07-24T21:22:54.167Z",
    "status": "pending",
    "is_control": true,
    "is_reference": false,
    "manager_comment": null,
    "sample": 26,
    "parameter": 1,
    "analyst": 2,
    "equipment_used": null,
    "history_date": "2025-07-24T21:35:10.256Z",
    "history_change_reason": null,
    "history_type": "-",
    "history_user": 1
  }
},
{
  "model": "lims.historicaltestassignment",
  "pk": 79,
  "fields": {
    "id": 127,
    "assigned_date": "2025-07-24T21:22:38.446Z",
    "status": "pending",
    "is_control": true,
    "is_reference": false,
    "manager_comment": null,
    "sample": 25,
    "parameter": 2,
    "analyst": 2,
    "equipment_used": null,
    "history_date": "2025-07-24T21:35:10.256Z",
    "history_change_reason": null,
    "history_type": "-",
    "history_user": 1
  }
},
{
  "model": "lims.historicaltestassignment",
  "pk": 80,
  "fields": {
    "id": 126,
    "assigned_date": "2025-07-24T20:58:37.838Z",
    "status": "pending",
    "is_control": true,
    "is_reference": false,
    "manager_comment": null,
    "sample": 24,
    "parameter": 5,
    "analyst": 2,
    "equipment_used": null,
    "history_date": "2025-07-24T21:35:10.261Z",
    "history_change_reason": null,
    "history_type": "-",
    "history_user": 1
  }
},
{
  "model": "lims.historicaltestassignment",
  "pk": 81,
  "fields": {
    "id": 125,
    "assigned_date": "2025-07-24T20:57:40.356Z",
    "status": "pending",
    "is_control": true,
    "is_reference": false,
    "manager_comment": null,
    "sample": 23,
    "parameter": 4,
    "analyst": 2,
    "equipment_used": null,
    "history_date": "2025-07-24T21:35:10.261Z",
    "history_change_reason": null,
    "history_type": "-",
    "history_user": 1
  }
},
{
  "model": "lims.historicaltestassignment",
  "pk": 82,
  "fields": {
    "id": 124,
    "assigned_date": "2025-07-24T20:57:03.149Z",
    "status": "pending",
    "is_control": true,
    "is_reference": false,
    "manager_comment": null,
    "sample": 22,
    "parameter": 2,
    "analyst": 2,
    "equipment_used": null,
    "history_date": "2025-07-24T21:35:10.261Z",
    "history_change_reason": null,
    "history_type": "-",
    "history_user": 1
  }
},
{
  "model": "lims.historicaltestassignment",
  "pk": 83,
  "fields": {
    "id": 123,
    "assigned_date": "2025-07-24T20:56:16.678Z",
    "status": "pending",
    "is_control": true,
    "is_reference": false,
    "manager_comment": null,
    "sample": 21,
    "parameter": 2,
    "analyst": 2,
    "equipment_used": null,
    "history_date": "2025-07-24T21:35:10.267Z",
    "history_change_reason": null,
    "history_type": "-",
    "history_user": 1
  }
},
{
  "model": "lims.historicaltestassignment",
  "pk": 84,
  "fields": {
    "id": 122,
    "assigned_date": "2025-07-24T20:45:56.813Z",
    "status": "pending",
    "is_control": true,
    "is_reference": false,
    "manager_comment": null,
    "sample": 20,
    "parameter": 2,
    "analyst": 2,
    "equipment_used": null,
    "history_date": "2025-07-24T21:35:10.268Z",
    "history_change_reason": null,
    "history_type": "-",
    "history_user": 1
  }
},
{
  "model": "lims.historicaltestassignment",
  "pk": 85,
  "fields": {
    "id": 121,
    "assigned_date": "2025-07-24T20:44:23.208Z",
    "status": "pending",
    "is_control": true,
    "is_reference": false,
    "manager_comment": null,
    "sample": 19,
    "parameter": 2,
    "analyst": 2,
    "equipment_used": null,
    "history_date": "2025-07-24T21:35:10.268Z",
    "history_change_reason": null,
    "history_type": "-",
    "history_user": 1
  }
},
{
  "model": "lims.historicaltestassignment",
  "pk": 86,
  "fields": {
    "id": 120,
    "assigned_date": "2025-07-24T20:44:09.208Z",
    "status": "completed",
    "is_control": true,
    "is_reference": false,
    "manager_comment": null,
    "sample": 18,
    "parameter": 2,
    "analyst": 2,
    "equipment_used": null,
    "history_date": "2025-07-24T21:35:10.268Z",
    "history_change_reason": null,
    "history_type": "-",
    "history_user": 1
  }
},
{
  "model": "lims.historicaltestassignment",
  "pk": 87,
  "fields": {
    "id": 92,
    "assigned_date": "2025-07-24T20:58:37.513Z",
    "status": "pending",
    "is_control": false,
    "is_reference": false,
    "manager_comment": null,
    "sample": 12,
    "parameter": 5,
    "analyst": 2,
    "equipment_used": null,
    "history_date": "2025-07-24T21:35:10.268Z",
    "history_change_reason": null,
    "history_type": "-",
    "history_user": 1
  }
},
{
  "model": "lims.historicaltestassignment",
  "pk": 88,
  "fields": {
    "id": 91,
    "assigned_date": "2025-07-24T20:57:39.977Z",
    "status": "pending",
    "is_control": false,
    "is_reference": false,
    "manager_comment": null,
    "sample": 12,
    "parameter": 4,
    "analyst": 2,
    "equipment_used": null,
    "history_date": "2025-07-24T21:35:10.276Z",
    "history_change_reason": null,
    "history_type": "-",
    "history_user": 1
  }
},
{
  "model": "lims.historicaltestassignment",
  "pk": 89,
  "fields": {
    "id": 90,
    "assigned_date": "2025-07-24T08:52:55.483Z",
    "status": "pending",
    "is_control": false,
    "is_reference": false,
    "manager_comment": null,
    "sample": 12,
    "parameter": 3,
    "analyst": null,
    "equipment_used": null,
    "history_date": "2025-07-24T21:35:10.276Z",
    "history_change_reason": null,
    "history_type": "-",
    "history_user": 1
  }
},
{
  "model": "lims.historicaltestassignment",
  "pk": 90,
  "fields": {
    "id": 89,
    "assigned_date": "2025-07-24T20:57:02.907Z",
    "status": "completed",
    "is_control": false,
    "is_reference": false,
    "manager_comment": null,
    "sample": 12,
    "parameter": 2,
    "analyst": 2,
    "equipment_used": null,
    "history_date": "2025-07-24T21:35:10.276Z",
    "history_change_reason": null,
    "history_type": "-",
    "history_user": 1
  }
},
{
  "model": "lims.historicaltestassignment",
  "pk": 91,
  "fields": {
    "id": 88,
    "assigned_date": "2025-07-24T08:52:54.185Z",
    "status": "pending",
    "is_control": false,
    "is_reference": false,
    "manager_comment": null,
    "sample": 12,
    "parameter": 1,
    "analyst": null,
    "equipment_used": null,
    "history_date": "2025-07-24T21:35:10.276Z",
    "history_change_reason": null,
    "history_type": "-",
    "history_user": 1
  }
},
{
  "model": "lims.historicaltestassignment",
  "pk": 92,
  "fields": {
    "id": 87,
    "assigned_date": "2025-07-24T21:24:19.991Z",
    "status": "pending",
    "is_control": false,
    "is_reference": false,
    "manager_comment": null,
    "sample": 11,
    "parameter": 5,
    "analyst": 2,
    "equipment_used": null,
    "history_date": "2025-07-24T21:35:10.283Z",
    "history_change_reason": null,
    "history_type": "-",
    "history_user": 1
  }
},
{
  "model": "lims.historicaltestassignment",
  "pk": 93,
  "fields": {
    "id": 86,
    "assigned_date": "2025-07-24T21:24:03.305Z",
    "status": "pending",
    "is_control": false,
    "is_reference": false,
    "manager_comment": null,
    "sample": 11,
    "parameter": 4,
    "analyst": 2,
    "equipment_used": null,
    "history_date": "2025-07-24T21:35:10.286Z",
    "history_change_reason": null,
    "history_type": "-",
    "history_user": 1
  }
},
{
  "model": "lims.historicaltestassignment",
  "pk": 94,
  "fields": {
    "id": 85,
    "assigned_date": "2025-07-24T21:23:11.558Z",
    "status": "pending",
    "is_control": false,
    "is_reference": false,
    "manager_comment": null,
    "sample": 11,
    "parameter": 3,
    "analyst": 2,
    "equipment_used": null,
    "history_date": "2025-07-24T21:35:10.286Z",
    "history_change_reason": null,
    "history_type": "-",
    "history_user": 1
  }
},
{
  "model": "lims.historicaltestassignment",
  "pk": 95,
  "fields": {
    "id": 84,
    "assigned_date": "2025-07-24T21:22:37.750Z",
    "status": "pending",
    "is_control": false,
    "is_reference": false,
    "manager_comment": null,
    "sample": 11,
    "parameter": 2,
    "analyst": 2,
    "equipment_used": null,
    "history_date": "2025-07-24T21:35:10.286Z",
    "history_change_reason": null,
    "history_type": "-",
    "history_user": 1
  }
},
{
  "model": "lims.historicaltestassignment",
  "pk": 96,
  "fields": {
    "id": 83,
    "assigned_date": "2025-07-24T21:22:53.899Z",
    "status": "pending",
    "is_control": false,
    "is_reference": false,
    "manager_comment": null,
    "sample": 11,
    "parameter": 1,
    "analyst": 2,
    "equipment_used": null,
    "history_date": "2025-07-24T21:35:10.286Z",
    "history_change_reason": null,
    "history_type": "-",
    "history_user": 1
  }
},
{
  "model": "lims.historicaltestassignment",
  "pk": 97,
  "fields": {
    "id": 82,
    "assigned_date": "2025-07-23T11:34:51.685Z",
    "status": "verified",
    "is_control": true,
    "is_reference": false,
    "manager_comment": "",
    "sample": 10,
    "parameter": 5,
    "analyst": 2,
    "equipment_used": null,
    "history_date": "2025-07-24T21:35:10.295Z",
    "history_change_reason": null,
    "history_type": "-",
    "history_user": 1
  }
},
{
  "model": "lims.historicaltestassignment",
  "pk": 98,
  "fields": {
    "id": 81,
    "assigned_date": "2025-07-23T11:34:37.713Z",
    "status": "verified",
    "is_control": false,
    "is_reference": false,
    "manager_comment": "",
    "sample": 9,
    "parameter": 7,
    "analyst": 2,
    "equipment_used": null,
    "history_date": "2025-07-24T21:35:10.295Z",
    "history_change_reason": null,
    "history_type": "-",
    "history_user": 1
  }
},
{
  "model": "lims.historicaltestassignment",
  "pk": 99,
  "fields": {
    "id": 80,
    "assigned_date": "2025-07-23T11:34:50.963Z",
    "status": "verified",
    "is_control": false,
    "is_reference": false,
    "manager_comment": "",
    "sample": 9,
    "parameter": 5,
    "analyst": 2,
    "equipment_used": 1,
    "history_date": "2025-07-24T21:35:10.301Z",
    "history_change_reason": null,
    "history_type": "-",
    "history_user": 1
  }
},
{
  "model": "lims.historicaltestassignment",
  "pk": 100,
  "fields": {
    "id": 132,
    "assigned_date": "2025-07-24T21:36:04.806Z",
    "status": "pending",
    "is_control": false,
    "is_reference": false,
    "manager_comment": null,
    "sample": 30,
    "parameter": 1,
    "analyst": null,
    "equipment_used": null,
    "history_date": "2025-07-24T21:36:04.936Z",
    "history_change_reason": null,
    "history_type": "+",
    "history_user": 4
  }
},
{
  "model": "lims.historicaltestassignment",
  "pk": 101,
  "fields": {
    "id": 133,
    "assigned_date": "2025-07-24T21:36:05.056Z",
    "status": "pending",
    "is_control": false,
    "is_reference": false,
    "manager_comment": null,
    "sample": 30,
    "parameter": 2,
    "analyst": null,
    "equipment_used": null,
    "history_date": "2025-07-24T21:36:05.226Z",
    "history_change_reason": null,
    "history_type": "+",
    "history_user": 4
  }
},
{
  "model": "lims.historicaltestassignment",
  "pk": 102,
  "fields": {
    "id": 134,
    "assigned_date": "2025-07-24T21:36:05.356Z",
    "status": "pending",
    "is_control": false,
    "is_reference": false,
    "manager_comment": null,
    "sample": 30,
    "parameter": 3,
    "analyst": null,
    "equipment_used": null,
    "history_date": "2025-07-24T21:36:05.472Z",
    "history_change_reason": null,
    "history_type": "+",
    "history_user": 4
  }
},
{
  "model": "lims.historicaltestassignment",
  "pk": 103,
  "fields": {
    "id": 135,
    "assigned_date": "2025-07-24T21:36:05.702Z",
    "status": "pending",
    "is_control": false,
    "is_reference": false,
    "manager_comment": null,
    "sample": 30,
    "parameter": 4,
    "analyst": null,
    "equipment_used": null,
    "history_date": "2025-07-24T21:36:05.806Z",
    "history_change_reason": null,
    "history_type": "+",
    "history_user": 4
  }
},
{
  "model": "lims.historicaltestassignment",
  "pk": 104,
  "fields": {
    "id": 136,
    "assigned_date": "2025-07-24T21:36:05.936Z",
    "status": "pending",
    "is_control": false,
    "is_reference": false,
    "manager_comment": null,
    "sample": 30,
    "parameter": 5,
    "analyst": null,
    "equipment_used": null,
    "history_date": "2025-07-24T21:36:06.086Z",
    "history_change_reason": null,
    "history_type": "+",
    "history_user": 4
  }
},
{
  "model": "lims.historicaltestassignment",
  "pk": 105,
  "fields": {
    "id": 133,
    "assigned_date": "2025-07-24T21:36:25.179Z",
    "status": "pending",
    "is_control": false,
    "is_reference": false,
    "manager_comment": null,
    "sample": 30,
    "parameter": 2,
    "analyst": 2,
    "equipment_used": null,
    "history_date": "2025-07-24T21:36:25.191Z",
    "history_change_reason": null,
    "history_type": "~",
    "history_user": 4
  }
},
{
  "model": "lims.historicaltestassignment",
  "pk": 106,
  "fields": {
    "id": 137,
    "assigned_date": "2025-07-24T21:36:25.932Z",
    "status": "pending",
    "is_control": true,
    "is_reference": false,
    "manager_comment": null,
    "sample": 31,
    "parameter": 2,
    "analyst": 2,
    "equipment_used": null,
    "history_date": "2025-07-24T21:36:25.948Z",
    "history_change_reason": null,
    "history_type": "+",
    "history_user": 4
  }
},
{
  "model": "lims.historicaltestassignment",
  "pk": 107,
  "fields": {
    "id": 135,
    "assigned_date": "2025-07-24T21:36:39.128Z",
    "status": "pending",
    "is_control": false,
    "is_reference": false,
    "manager_comment": null,
    "sample": 30,
    "parameter": 4,
    "analyst": 2,
    "equipment_used": null,
    "history_date": "2025-07-24T21:36:39.128Z",
    "history_change_reason": null,
    "history_type": "~",
    "history_user": 4
  }
},
{
  "model": "lims.historicaltestassignment",
  "pk": 108,
  "fields": {
    "id": 138,
    "assigned_date": "2025-07-24T21:36:39.386Z",
    "status": "pending",
    "is_control": true,
    "is_reference": false,
    "manager_comment": null,
    "sample": 32,
    "parameter": 4,
    "analyst": 2,
    "equipment_used": null,
    "history_date": "2025-07-24T21:36:39.386Z",
    "history_change_reason": null,
    "history_type": "+",
    "history_user": 4
  }
},
{
  "model": "lims.historicaltestassignment",
  "pk": 109,
  "fields": {
    "id": 134,
    "assigned_date": "2025-07-24T21:36:56.426Z",
    "status": "pending",
    "is_control": false,
    "is_reference": false,
    "manager_comment": null,
    "sample": 30,
    "parameter": 3,
    "analyst": 2,
    "equipment_used": null,
    "history_date": "2025-07-24T21:36:56.441Z",
    "history_change_reason": null,
    "history_type": "~",
    "history_user": 4
  }
},
{
  "model": "lims.historicaltestassignment",
  "pk": 110,
  "fields": {
    "id": 139,
    "assigned_date": "2025-07-24T21:36:56.765Z",
    "status": "pending",
    "is_control": true,
    "is_reference": false,
    "manager_comment": null,
    "sample": 33,
    "parameter": 3,
    "analyst": 2,
    "equipment_used": null,
    "history_date": "2025-07-24T21:36:56.765Z",
    "history_change_reason": null,
    "history_type": "+",
    "history_user": 4
  }
},
{
  "model": "lims.historicaltestassignment",
  "pk": 111,
  "fields": {
    "id": 132,
    "assigned_date": "2025-07-24T21:37:09.476Z",
    "status": "pending",
    "is_control": false,
    "is_reference": false,
    "manager_comment": null,
    "sample": 30,
    "parameter": 1,
    "analyst": 2,
    "equipment_used": null,
    "history_date": "2025-07-24T21:37:09.496Z",
    "history_change_reason": null,
    "history_type": "~",
    "history_user": 4
  }
},
{
  "model": "lims.historicaltestassignment",
  "pk": 112,
  "fields": {
    "id": 140,
    "assigned_date": "2025-07-24T21:37:09.966Z",
    "status": "pending",
    "is_control": true,
    "is_reference": false,
    "manager_comment": null,
    "sample": 34,
    "parameter": 1,
    "analyst": 2,
    "equipment_used": null,
    "history_date": "2025-07-24T21:37:09.976Z",
    "history_change_reason": null,
    "history_type": "+",
    "history_user": 4
  }
},
{
  "model": "lims.historicaltestassignment",
  "pk": 113,
  "fields": {
    "id": 136,
    "assigned_date": "2025-07-24T21:37:20.535Z",
    "status": "pending",
    "is_control": false,
    "is_reference": false,
    "manager_comment": null,
    "sample": 30,
    "parameter": 5,
    "analyst": 2,
    "equipment_used": null,
    "history_date": "2025-07-24T21:37:20.540Z",
    "history_change_reason": null,
    "history_type": "~",
    "history_user": 4
  }
},
{
  "model": "lims.historicaltestassignment",
  "pk": 114,
  "fields": {
    "id": 141,
    "assigned_date": "2025-07-24T21:37:20.966Z",
    "status": "pending",
    "is_control": true,
    "is_reference": false,
    "manager_comment": null,
    "sample": 35,
    "parameter": 5,
    "analyst": 2,
    "equipment_used": null,
    "history_date": "2025-07-24T21:37:20.976Z",
    "history_change_reason": null,
    "history_type": "+",
    "history_user": 4
  }
},
{
  "model": "lims.historicaltestassignment",
  "pk": 115,
  "fields": {
    "id": 141,
    "assigned_date": "2025-07-24T21:37:20.966Z",
    "status": "pending",
    "is_control": true,
    "is_reference": false,
    "manager_comment": null,
    "sample": 35,
    "parameter": 5,
    "analyst": 2,
    "equipment_used": null,
    "history_date": "2025-07-24T21:45:28.494Z",
    "history_change_reason": null,
    "history_type": "-",
    "history_user": 1
  }
},
{
  "model": "lims.historicaltestassignment",
  "pk": 116,
  "fields": {
    "id": 140,
    "assigned_date": "2025-07-24T21:37:09.966Z",
    "status": "pending",
    "is_control": true,
    "is_reference": false,
    "manager_comment": null,
    "sample": 34,
    "parameter": 1,
    "analyst": 2,
    "equipment_used": null,
    "history_date": "2025-07-24T21:45:28.495Z",
    "history_change_reason": null,
    "history_type": "-",
    "history_user": 1
  }
},
{
  "model": "lims.historicaltestassignment",
  "pk": 117,
  "fields": {
    "id": 139,
    "assigned_date": "2025-07-24T21:36:56.765Z",
    "status": "pending",
    "is_control": true,
    "is_reference": false,
    "manager_comment": null,
    "sample": 33,
    "parameter": 3,
    "analyst": 2,
    "equipment_used": null,
    "history_date": "2025-07-24T21:45:28.495Z",
    "history_change_reason": null,
    "history_type": "-",
    "history_user": 1
  }
},
{
  "model": "lims.historicaltestassignment",
  "pk": 118,
  "fields": {
    "id": 138,
    "assigned_date": "2025-07-24T21:36:39.386Z",
    "status": "pending",
    "is_control": true,
    "is_reference": false,
    "manager_comment": null,
    "sample": 32,
    "parameter": 4,
    "analyst": 2,
    "equipment_used": null,
    "history_date": "2025-07-24T21:45:28.495Z",
    "history_change_reason": null,
    "history_type": "-",
    "history_user": 1
  }
},
{
  "model": "lims.historicaltestassignment",
  "pk": 119,
  "fields": {
    "id": 137,
    "assigned_date": "2025-07-24T21:36:25.932Z",
    "status": "pending",
    "is_control": true,
    "is_reference": false,
    "manager_comment": null,
    "sample": 31,
    "parameter": 2,
    "analyst": 2,
    "equipment_used": null,
    "history_date": "2025-07-24T21:45:28.495Z",
    "history_change_reason": null,
    "history_type": "-",
    "history_user": 1
  }
},
{
  "model": "lims.historicaltestassignment",
  "pk": 120,
  "fields": {
    "id": 136,
    "assigned_date": "2025-07-24T21:37:20.535Z",
    "status": "pending",
    "is_control": false,
    "is_reference": false,
    "manager_comment": null,
    "sample": 30,
    "parameter": 5,
    "analyst": 2,
    "equipment_used": null,
    "history_date": "2025-07-24T21:45:28.495Z",
    "history_change_reason": null,
    "history_type": "-",
    "history_user": 1
  }
},
{
  "model": "lims.historicaltestassignment",
  "pk": 121,
  "fields": {
    "id": 135,
    "assigned_date": "2025-07-24T21:36:39.128Z",
    "status": "pending",
    "is_control": false,
    "is_reference": false,
    "manager_comment": null,
    "sample": 30,
    "parameter": 4,
    "analyst": 2,
    "equipment_used": null,
    "history_date": "2025-07-24T21:45:28.495Z",
    "history_change_reason": null,
    "history_type": "-",
    "history_user": 1
  }
},
{
  "model": "lims.historicaltestassignment",
  "pk": 122,
  "fields": {
    "id": 134,
    "assigned_date": "2025-07-24T21:36:56.426Z",
    "status": "pending",
    "is_control": false,
    "is_reference": false,
    "manager_comment": null,
    "sample": 30,
    "parameter": 3,
    "analyst": 2,
    "equipment_used": null,
    "history_date": "2025-07-24T21:45:28.505Z",
    "history_change_reason": null,
    "history_type": "-",
    "history_user": 1
  }
},
{
  "model": "lims.historicaltestassignment",
  "pk": 123,
  "fields": {
    "id": 133,
    "assigned_date": "2025-07-24T21:36:25.179Z",
    "status": "pending",
    "is_control": false,
    "is_reference": false,
    "manager_comment": null,
    "sample": 30,
    "parameter": 2,
    "analyst": 2,
    "equipment_used": null,
    "history_date": "2025-07-24T21:45:28.505Z",
    "history_change_reason": null,
    "history_type": "-",
    "history_user": 1
  }
},
{
  "model": "lims.historicaltestassignment",
  "pk": 124,
  "fields": {
    "id": 132,
    "assigned_date": "2025-07-24T21:37:09.476Z",
    "status": "pending",
    "is_control": false,
    "is_reference": false,
    "manager_comment": null,
    "sample": 30,
    "parameter": 1,
    "analyst": 2,
    "equipment_used": null,
    "history_date": "2025-07-24T21:45:28.505Z",
    "history_change_reason": null,
    "history_type": "-",
    "history_user": 1
  }
},
{
  "model": "lims.historicaltestassignment",
  "pk": 125,
  "fields": {
    "id": 142,
    "assigned_date": "2025-07-25T07:24:43.015Z",
    "status": "pending",
    "is_control": false,
    "is_reference": false,
    "manager_comment": null,
    "sample": 36,
    "parameter": 1,
    "analyst": null,
    "equipment_used": null,
    "history_date": "2025-07-25T07:24:43.198Z",
    "history_change_reason": null,
    "history_type": "+",
    "history_user": 4
  }
},
{
  "model": "lims.historicaltestassignment",
  "pk": 126,
  "fields": {
    "id": 143,
    "assigned_date": "2025-07-25T07:24:43.416Z",
    "status": "pending",
    "is_control": false,
    "is_reference": false,
    "manager_comment": null,
    "sample": 36,
    "parameter": 2,
    "analyst": null,
    "equipment_used": null,
    "history_date": "2025-07-25T07:24:43.585Z",
    "history_change_reason": null,
    "history_type": "+",
    "history_user": 4
  }
},
{
  "model": "lims.historicaltestassignment",
  "pk": 127,
  "fields": {
    "id": 144,
    "assigned_date": "2025-07-25T07:24:43.765Z",
    "status": "pending",
    "is_control": false,
    "is_reference": false,
    "manager_comment": null,
    "sample": 36,
    "parameter": 3,
    "analyst": null,
    "equipment_used": null,
    "history_date": "2025-07-25T07:24:43.898Z",
    "history_change_reason": null,
    "history_type": "+",
    "history_user": 4
  }
},
{
  "model": "lims.historicaltestassignment",
  "pk": 128,
  "fields": {
    "id": 145,
    "assigned_date": "2025-07-25T07:24:44.051Z",
    "status": "pending",
    "is_control": false,
    "is_reference": false,
    "manager_comment": null,
    "sample": 36,
    "parameter": 4,
    "analyst": null,
    "equipment_used": null,
    "history_date": "2025-07-25T07:24:44.193Z",
    "history_change_reason": null,
    "history_type": "+",
    "history_user": 4
  }
},
{
  "model": "lims.historicaltestassignment",
  "pk": 129,
  "fields": {
    "id": 146,
    "assigned_date": "2025-07-25T07:24:44.349Z",
    "status": "pending",
    "is_control": false,
    "is_reference": false,
    "manager_comment": null,
    "sample": 36,
    "parameter": 5,
    "analyst": null,
    "equipment_used": null,
    "history_date": "2025-07-25T07:24:44.531Z",
    "history_change_reason": null,
    "history_type": "+",
    "history_user": 4
  }
},
{
  "model": "lims.historicaltestassignment",
  "pk": 130,
  "fields": {
    "id": 143,
    "assigned_date": "2025-07-25T07:25:40.488Z",
    "status": "pending",
    "is_control": false,
    "is_reference": false,
    "manager_comment": null,
    "sample": 36,
    "parameter": 2,
    "analyst": 2,
    "equipment_used": null,
    "history_date": "2025-07-25T07:25:40.537Z",
    "history_change_reason": null,
    "history_type": "~",
    "history_user": 3
  }
},
{
  "model": "lims.historicaltestassignment",
  "pk": 131,
  "fields": {
    "id": 147,
    "assigned_date": "2025-07-25T07:25:41.451Z",
    "status": "pending",
    "is_control": true,
    "is_reference": false,
    "manager_comment": null,
    "sample": 37,
    "parameter": 2,
    "analyst": 2,
    "equipment_used": null,
    "history_date": "2025-07-25T07:25:41.524Z",
    "history_change_reason": null,
    "history_type": "+",
    "history_user": 3
  }
},
{
  "model": "lims.historicaltestassignment",
  "pk": 132,
  "fields": {
    "id": 145,
    "assigned_date": "2025-07-25T07:26:12.929Z",
    "status": "pending",
    "is_control": false,
    "is_reference": false,
    "manager_comment": null,
    "sample": 36,
    "parameter": 4,
    "analyst": 2,
    "equipment_used": null,
    "history_date": "2025-07-25T07:26:12.941Z",
    "history_change_reason": null,
    "history_type": "~",
    "history_user": 3
  }
},
{
  "model": "lims.historicaltestassignment",
  "pk": 133,
  "fields": {
    "id": 148,
    "assigned_date": "2025-07-25T07:26:13.598Z",
    "status": "pending",
    "is_control": true,
    "is_reference": false,
    "manager_comment": null,
    "sample": 38,
    "parameter": 4,
    "analyst": 2,
    "equipment_used": null,
    "history_date": "2025-07-25T07:26:13.610Z",
    "history_change_reason": null,
    "history_type": "+",
    "history_user": 3
  }
},
{
  "model": "lims.historicaltestassignment",
  "pk": 134,
  "fields": {
    "id": 142,
    "assigned_date": "2025-07-25T07:26:29.062Z",
    "status": "pending",
    "is_control": false,
    "is_reference": false,
    "manager_comment": null,
    "sample": 36,
    "parameter": 1,
    "analyst": 2,
    "equipment_used": null,
    "history_date": "2025-07-25T07:26:29.072Z",
    "history_change_reason": null,
    "history_type": "~",
    "history_user": 3
  }
},
{
  "model": "lims.historicaltestassignment",
  "pk": 135,
  "fields": {
    "id": 149,
    "assigned_date": "2025-07-25T07:26:29.802Z",
    "status": "pending",
    "is_control": true,
    "is_reference": false,
    "manager_comment": null,
    "sample": 39,
    "parameter": 1,
    "analyst": 2,
    "equipment_used": null,
    "history_date": "2025-07-25T07:26:29.861Z",
    "history_change_reason": null,
    "history_type": "+",
    "history_user": 3
  }
},
{
  "model": "lims.historicaltestassignment",
  "pk": 136,
  "fields": {
    "id": 144,
    "assigned_date": "2025-07-25T07:26:43.864Z",
    "status": "pending",
    "is_control": false,
    "is_reference": false,
    "manager_comment": null,
    "sample": 36,
    "parameter": 3,
    "analyst": 2,
    "equipment_used": null,
    "history_date": "2025-07-25T07:26:43.870Z",
    "history_change_reason": null,
    "history_type": "~",
    "history_user": 3
  }
},
{
  "model": "lims.historicaltestassignment",
  "pk": 137,
  "fields": {
    "id": 150,
    "assigned_date": "2025-07-25T07:26:44.325Z",
    "status": "pending",
    "is_control": true,
    "is_reference": false,
    "manager_comment": null,
    "sample": 40,
    "parameter": 3,
    "analyst": 2,
    "equipment_used": null,
    "history_date": "2025-07-25T07:26:44.329Z",
    "history_change_reason": null,
    "history_type": "+",
    "history_user": 3
  }
},
{
  "model": "lims.historicaltestassignment",
  "pk": 138,
  "fields": {
    "id": 146,
    "assigned_date": "2025-07-25T07:27:02.202Z",
    "status": "pending",
    "is_control": false,
    "is_reference": false,
    "manager_comment": null,
    "sample": 36,
    "parameter": 5,
    "analyst": 2,
    "equipment_used": null,
    "history_date": "2025-07-25T07:27:02.211Z",
    "history_change_reason": null,
    "history_type": "~",
    "history_user": 3
  }
},
{
  "model": "lims.historicaltestassignment",
  "pk": 139,
  "fields": {
    "id": 151,
    "assigned_date": "2025-07-25T07:27:02.606Z",
    "status": "pending",
    "is_control": true,
    "is_reference": false,
    "manager_comment": null,
    "sample": 41,
    "parameter": 5,
    "analyst": 2,
    "equipment_used": null,
    "history_date": "2025-07-25T07:27:02.611Z",
    "history_change_reason": null,
    "history_type": "+",
    "history_user": 3
  }
},
{
  "model": "lims.historicaltestassignment",
  "pk": 140,
  "fields": {
    "id": 142,
    "assigned_date": "2025-07-25T07:26:29.062Z",
    "status": "completed",
    "is_control": false,
    "is_reference": false,
    "manager_comment": null,
    "sample": 36,
    "parameter": 1,
    "analyst": 2,
    "equipment_used": null,
    "history_date": "2025-07-25T09:19:03.332Z",
    "history_change_reason": null,
    "history_type": "~",
    "history_user": 2
  }
},
{
  "model": "lims.historicaltestassignment",
  "pk": 141,
  "fields": {
    "id": 149,
    "assigned_date": "2025-07-25T07:26:29.802Z",
    "status": "completed",
    "is_control": true,
    "is_reference": false,
    "manager_comment": null,
    "sample": 39,
    "parameter": 1,
    "analyst": 2,
    "equipment_used": null,
    "history_date": "2025-07-25T09:19:03.337Z",
    "history_change_reason": null,
    "history_type": "~",
    "history_user": 2
  }
},
{
  "model": "lims.historicaltestassignment",
  "pk": 142,
  "fields": {
    "id": 143,
    "assigned_date": "2025-07-25T07:25:40.488Z",
    "status": "completed",
    "is_control": false,
    "is_reference": false,
    "manager_comment": null,
    "sample": 36,
    "parameter": 2,
    "analyst": 2,
    "equipment_used": null,
    "history_date": "2025-07-25T10:00:06.592Z",
    "history_change_reason": null,
    "history_type": "~",
    "history_user": 3
  }
},
{
  "model": "lims.historicaltestassignment",
  "pk": 143,
  "fields": {
    "id": 147,
    "assigned_date": "2025-07-25T07:25:41.451Z",
    "status": "completed",
    "is_control": true,
    "is_reference": false,
    "manager_comment": null,
    "sample": 37,
    "parameter": 2,
    "analyst": 2,
    "equipment_used": null,
    "history_date": "2025-07-25T10:00:06.597Z",
    "history_change_reason": null,
    "history_type": "~",
    "history_user": 3
  }
},
{
  "model": "lims.historicaltestassignment",
  "pk": 144,
  "fields": {
    "id": 146,
    "assigned_date": "2025-07-25T07:27:02.202Z",
    "status": "completed",
    "is_control": false,
    "is_reference": false,
    "manager_comment": null,
    "sample": 36,
    "parameter": 5,
    "analyst": 2,
    "equipment_used": null,
    "history_date": "2025-07-25T10:01:02.147Z",
    "history_change_reason": null,
    "history_type": "~",
    "history_user": 2
  }
},
{
  "model": "lims.historicaltestassignment",
  "pk": 145,
  "fields": {
    "id": 151,
    "assigned_date": "2025-07-25T07:27:02.606Z",
    "status": "completed",
    "is_control": true,
    "is_reference": false,
    "manager_comment": null,
    "sample": 41,
    "parameter": 5,
    "analyst": 2,
    "equipment_used": null,
    "history_date": "2025-07-25T10:01:02.167Z",
    "history_change_reason": null,
    "history_type": "~",
    "history_user": 2
  }
},
{
  "model": "lims.historicaltestassignment",
  "pk": 146,
  "fields": {
    "id": 144,
    "assigned_date": "2025-07-25T07:26:43.864Z",
    "status": "completed",
    "is_control": false,
    "is_reference": false,
    "manager_comment": null,
    "sample": 36,
    "parameter": 3,
    "analyst": 2,
    "equipment_used": null,
    "history_date": "2025-07-25T10:01:58.535Z",
    "history_change_reason": null,
    "history_type": "~",
    "history_user": 2
  }
},
{
  "model": "lims.historicaltestassignment",
  "pk": 147,
  "fields": {
    "id": 150,
    "assigned_date": "2025-07-25T07:26:44.325Z",
    "status": "completed",
    "is_control": true,
    "is_reference": false,
    "manager_comment": null,
    "sample": 40,
    "parameter": 3,
    "analyst": 2,
    "equipment_used": null,
    "history_date": "2025-07-25T10:01:58.546Z",
    "history_change_reason": null,
    "history_type": "~",
    "history_user": 2
  }
},
{
  "model": "lims.historicaltestassignment",
  "pk": 148,
  "fields": {
    "id": 145,
    "assigned_date": "2025-07-25T07:26:12.929Z",
    "status": "completed",
    "is_control": false,
    "is_reference": false,
    "manager_comment": null,
    "sample": 36,
    "parameter": 4,
    "analyst": 2,
    "equipment_used": null,
    "history_date": "2025-07-25T10:07:24.107Z",
    "history_change_reason": null,
    "history_type": "~",
    "history_user": 2
  }
},
{
  "model": "lims.historicaltestassignment",
  "pk": 149,
  "fields": {
    "id": 148,
    "assigned_date": "2025-07-25T07:26:13.598Z",
    "status": "completed",
    "is_control": true,
    "is_reference": false,
    "manager_comment": null,
    "sample": 38,
    "parameter": 4,
    "analyst": 2,
    "equipment_used": null,
    "history_date": "2025-07-25T10:07:24.117Z",
    "history_change_reason": null,
    "history_type": "~",
    "history_user": 2
  }
},
{
  "model": "lims.historicaltestassignment",
  "pk": 150,
  "fields": {
    "id": 142,
    "assigned_date": "2025-07-25T07:26:29.062Z",
    "status": "verified",
    "is_control": false,
    "is_reference": false,
    "manager_comment": "",
    "sample": 36,
    "parameter": 1,
    "analyst": 2,
    "equipment_used": null,
    "history_date": "2025-07-25T10:07:49.967Z",
    "history_change_reason": null,
    "history_type": "~",
    "history_user": 2
  }
},
{
  "model": "lims.historicaltestassignment",
  "pk": 151,
  "fields": {
    "id": 149,
    "assigned_date": "2025-07-25T07:26:29.802Z",
    "status": "verified",
    "is_control": true,
    "is_reference": false,
    "manager_comment": "",
    "sample": 39,
    "parameter": 1,
    "analyst": 2,
    "equipment_used": null,
    "history_date": "2025-07-25T10:07:50.366Z",
    "history_change_reason": null,
    "history_type": "~",
    "history_user": 2
  }
},
{
  "model": "lims.historicaltestassignment",
  "pk": 152,
  "fields": {
    "id": 143,
    "assigned_date": "2025-07-25T07:25:40.488Z",
    "status": "verified",
    "is_control": false,
    "is_reference": false,
    "manager_comment": "",
    "sample": 36,
    "parameter": 2,
    "analyst": 2,
    "equipment_used": null,
    "history_date": "2025-07-25T10:07:57.877Z",
    "history_change_reason": null,
    "history_type": "~",
    "history_user": 2
  }
},
{
  "model": "lims.historicaltestassignment",
  "pk": 153,
  "fields": {
    "id": 147,
    "assigned_date": "2025-07-25T07:25:41.451Z",
    "status": "verified",
    "is_control": true,
    "is_reference": false,
    "manager_comment": "",
    "sample": 37,
    "parameter": 2,
    "analyst": 2,
    "equipment_used": null,
    "history_date": "2025-07-25T10:07:58.197Z",
    "history_change_reason": null,
    "history_type": "~",
    "history_user": 2
  }
},
{
  "model": "lims.historicaltestassignment",
  "pk": 154,
  "fields": {
    "id": 144,
    "assigned_date": "2025-07-25T07:26:43.864Z",
    "status": "verified",
    "is_control": false,
    "is_reference": false,
    "manager_comment": "",
    "sample": 36,
    "parameter": 3,
    "analyst": 2,
    "equipment_used": null,
    "history_date": "2025-07-25T10:08:06.277Z",
    "history_change_reason": null,
    "history_type": "~",
    "history_user": 2
  }
},
{
  "model": "lims.historicaltestassignment",
  "pk": 155,
  "fields": {
    "id": 150,
    "assigned_date": "2025-07-25T07:26:44.325Z",
    "status": "verified",
    "is_control": true,
    "is_reference": false,
    "manager_comment": "",
    "sample": 40,
    "parameter": 3,
    "analyst": 2,
    "equipment_used": null,
    "history_date": "2025-07-25T10:08:06.458Z",
    "history_change_reason": null,
    "history_type": "~",
    "history_user": 2
  }
},
{
  "model": "lims.historicaltestassignment",
  "pk": 156,
  "fields": {
    "id": 145,
    "assigned_date": "2025-07-25T07:26:12.929Z",
    "status": "verified",
    "is_control": false,
    "is_reference": false,
    "manager_comment": "",
    "sample": 36,
    "parameter": 4,
    "analyst": 2,
    "equipment_used": null,
    "history_date": "2025-07-25T10:08:16.040Z",
    "history_change_reason": null,
    "history_type": "~",
    "history_user": 2
  }
},
{
  "model": "lims.historicaltestassignment",
  "pk": 157,
  "fields": {
    "id": 148,
    "assigned_date": "2025-07-25T07:26:13.598Z",
    "status": "verified",
    "is_control": true,
    "is_reference": false,
    "manager_comment": "",
    "sample": 38,
    "parameter": 4,
    "analyst": 2,
    "equipment_used": null,
    "history_date": "2025-07-25T10:08:16.238Z",
    "history_change_reason": null,
    "history_type": "~",
    "history_user": 2
  }
},
{
  "model": "lims.historicaltestassignment",
  "pk": 158,
  "fields": {
    "id": 146,
    "assigned_date": "2025-07-25T07:27:02.202Z",
    "status": "verified",
    "is_control": false,
    "is_reference": false,
    "manager_comment": "",
    "sample": 36,
    "parameter": 5,
    "analyst": 2,
    "equipment_used": null,
    "history_date": "2025-07-25T10:08:24.120Z",
    "history_change_reason": null,
    "history_type": "~",
    "history_user": 2
  }
},
{
  "model": "lims.historicaltestassignment",
  "pk": 159,
  "fields": {
    "id": 151,
    "assigned_date": "2025-07-25T07:27:02.606Z",
    "status": "verified",
    "is_control": true,
    "is_reference": false,
    "manager_comment": "",
    "sample": 41,
    "parameter": 5,
    "analyst": 2,
    "equipment_used": null,
    "history_date": "2025-07-25T10:08:24.807Z",
    "history_change_reason": null,
    "history_type": "~",
    "history_user": 2
  }
},
{
  "model": "lims.testassignment",
  "pk": 55,
  "fields": {
    "sample": 1,
    "parameter": 1,
    "analyst": null,
    "assigned_date": "2025-07-18T15:15:01.836Z",
    "status": "pending",
    "equipment_used": null,
    "is_control": false,
    "is_reference": false,
    "manager_comment": null
  }
},
{
  "model": "lims.testassignment",
  "pk": 56,
  "fields": {
    "sample": 1,
    "parameter": 2,
    "analyst": null,
    "assigned_date": "2025-07-18T15:15:02.141Z",
    "status": "pending",
    "equipment_used": null,
    "is_control": false,
    "is_reference": false,
    "manager_comment": null
  }
},
{
  "model": "lims.testassignment",
  "pk": 57,
  "fields": {
    "sample": 1,
    "parameter": 3,
    "analyst": null,
    "assigned_date": "2025-07-18T15:15:02.298Z",
    "status": "pending",
    "equipment_used": null,
    "is_control": false,
    "is_reference": false,
    "manager_comment": null
  }
},
{
  "model": "lims.testassignment",
  "pk": 58,
  "fields": {
    "sample": 1,
    "parameter": 4,
    "analyst": null,
    "assigned_date": "2025-07-18T15:15:02.502Z",
    "status": "pending",
    "equipment_used": null,
    "is_control": false,
    "is_reference": false,
    "manager_comment": null
  }
},
{
  "model": "lims.testassignment",
  "pk": 59,
  "fields": {
    "sample": 1,
    "parameter": 5,
    "analyst": null,
    "assigned_date": "2025-07-18T15:15:02.663Z",
    "status": "pending",
    "equipment_used": null,
    "is_control": false,
    "is_reference": false,
    "manager_comment": null
  }
},
{
  "model": "lims.testassignment",
  "pk": 60,
  "fields": {
    "sample": 2,
    "parameter": 1,
    "analyst": null,
    "assigned_date": "2025-07-18T15:15:02.969Z",
    "status": "pending",
    "equipment_used": null,
    "is_control": false,
    "is_reference": false,
    "manager_comment": null
  }
},
{
  "model": "lims.testassignment",
  "pk": 61,
  "fields": {
    "sample": 2,
    "parameter": 2,
    "analyst": null,
    "assigned_date": "2025-07-18T15:15:03.092Z",
    "status": "pending",
    "equipment_used": null,
    "is_control": false,
    "is_reference": false,
    "manager_comment": null
  }
},
{
  "model": "lims.testassignment",
  "pk": 62,
  "fields": {
    "sample": 2,
    "parameter": 3,
    "analyst": null,
    "assigned_date": "2025-07-18T15:15:03.318Z",
    "status": "pending",
    "equipment_used": null,
    "is_control": false,
    "is_reference": false,
    "manager_comment": null
  }
},
{
  "model": "lims.testassignment",
  "pk": 63,
  "fields": {
    "sample": 2,
    "parameter": 4,
    "analyst": null,
    "assigned_date": "2025-07-18T15:15:03.489Z",
    "status": "pending",
    "equipment_used": null,
    "is_control": false,
    "is_reference": false,
    "manager_comment": null
  }
},
{
  "model": "lims.testassignment",
  "pk": 64,
  "fields": {
    "sample": 2,
    "parameter": 5,
    "analyst": null,
    "assigned_date": "2025-07-18T15:15:03.623Z",
    "status": "pending",
    "equipment_used": null,
    "is_control": false,
    "is_reference": false,
    "manager_comment": null
  }
},
{
  "model": "lims.testassignment",
  "pk": 65,
  "fields": {
    "sample": 3,
    "parameter": 1,
    "analyst": null,
    "assigned_date": "2025-07-18T15:15:03.967Z",
    "status": "pending",
    "equipment_used": null,
    "is_control": false,
    "is_reference": false,
    "manager_comment": null
  }
},
{
  "model": "lims.testassignment",
  "pk": 66,
  "fields": {
    "sample": 3,
    "parameter": 2,
    "analyst": null,
    "assigned_date": "2025-07-18T15:15:04.102Z",
    "status": "pending",
    "equipment_used": null,
    "is_control": false,
    "is_reference": false,
    "manager_comment": null
  }
},
{
  "model": "lims.testassignment",
  "pk": 67,
  "fields": {
    "sample": 3,
    "parameter": 3,
    "analyst": null,
    "assigned_date": "2025-07-18T15:15:04.235Z",
    "status": "pending",
    "equipment_used": null,
    "is_control": false,
    "is_reference": false,
    "manager_comment": null
  }
},
{
  "model": "lims.testassignment",
  "pk": 68,
  "fields": {
    "sample": 3,
    "parameter": 4,
    "analyst": null,
    "assigned_date": "2025-07-18T15:15:04.364Z",
    "status": "pending",
    "equipment_used": null,
    "is_control": false,
    "is_reference": false,
    "manager_comment": null
  }
},
{
  "model": "lims.testassignment",
  "pk": 69,
  "fields": {
    "sample": 3,
    "parameter": 5,
    "analyst": null,
    "assigned_date": "2025-07-18T15:15:04.490Z",
    "status": "pending",
    "equipment_used": null,
    "is_control": false,
    "is_reference": false,
    "manager_comment": null
  }
},
{
  "model": "lims.testassignment",
  "pk": 70,
  "fields": {
    "sample": 4,
    "parameter": 1,
    "analyst": null,
    "assigned_date": "2025-07-18T15:20:15.582Z",
    "status": "pending",
    "equipment_used": null,
    "is_control": false,
    "is_reference": false,
    "manager_comment": null
  }
},
{
  "model": "lims.testassignment",
  "pk": 71,
  "fields": {
    "sample": 4,
    "parameter": 2,
    "analyst": null,
    "assigned_date": "2025-07-18T15:20:15.843Z",
    "status": "pending",
    "equipment_used": null,
    "is_control": false,
    "is_reference": false,
    "manager_comment": null
  }
},
{
  "model": "lims.testassignment",
  "pk": 72,
  "fields": {
    "sample": 4,
    "parameter": 3,
    "analyst": null,
    "assigned_date": "2025-07-18T15:20:15.981Z",
    "status": "pending",
    "equipment_used": null,
    "is_control": false,
    "is_reference": false,
    "manager_comment": null
  }
},
{
  "model": "lims.testassignment",
  "pk": 73,
  "fields": {
    "sample": 4,
    "parameter": 4,
    "analyst": null,
    "assigned_date": "2025-07-18T15:20:16.116Z",
    "status": "pending",
    "equipment_used": null,
    "is_control": false,
    "is_reference": false,
    "manager_comment": null
  }
},
{
  "model": "lims.testassignment",
  "pk": 74,
  "fields": {
    "sample": 4,
    "parameter": 5,
    "analyst": null,
    "assigned_date": "2025-07-18T15:20:16.247Z",
    "status": "pending",
    "equipment_used": null,
    "is_control": false,
    "is_reference": false,
    "manager_comment": null
  }
},
{
  "model": "lims.testassignment",
  "pk": 75,
  "fields": {
    "sample": 4,
    "parameter": 67,
    "analyst": null,
    "assigned_date": "2025-07-18T15:20:16.380Z",
    "status": "pending",
    "equipment_used": null,
    "is_control": false,
    "is_reference": false,
    "manager_comment": null
  }
},
{
  "model": "lims.testassignment",
  "pk": 76,
  "fields": {
    "sample": 5,
    "parameter": 67,
    "analyst": null,
    "assigned_date": "2025-07-18T15:24:28.160Z",
    "status": "pending",
    "equipment_used": null,
    "is_control": false,
    "is_reference": false,
    "manager_comment": null
  }
},
{
  "model": "lims.testassignment",
  "pk": 77,
  "fields": {
    "sample": 6,
    "parameter": 67,
    "analyst": null,
    "assigned_date": "2025-07-18T15:24:28.511Z",
    "status": "pending",
    "equipment_used": null,
    "is_control": false,
    "is_reference": false,
    "manager_comment": null
  }
},
{
  "model": "lims.testassignment",
  "pk": 78,
  "fields": {
    "sample": 7,
    "parameter": 5,
    "analyst": 2,
    "assigned_date": "2025-07-20T20:13:00.592Z",
    "status": "verified",
    "equipment_used": null,
    "is_control": false,
    "is_reference": false,
    "manager_comment": ""
  }
},
{
  "model": "lims.testassignment",
  "pk": 79,
  "fields": {
    "sample": 8,
    "parameter": 5,
    "analyst": 2,
    "assigned_date": "2025-07-20T20:13:01.305Z",
    "status": "verified",
    "equipment_used": null,
    "is_control": true,
    "is_reference": false,
    "manager_comment": ""
  }
},
{
  "model": "lims.testassignment",
  "pk": 93,
  "fields": {
    "sample": 13,
    "parameter": 1,
    "analyst": null,
    "assigned_date": "2025-07-24T12:20:18.545Z",
    "status": "pending",
    "equipment_used": null,
    "is_control": false,
    "is_reference": false,
    "manager_comment": null
  }
},
{
  "model": "lims.testassignment",
  "pk": 94,
  "fields": {
    "sample": 13,
    "parameter": 2,
    "analyst": null,
    "assigned_date": "2025-07-24T12:20:18.945Z",
    "status": "pending",
    "equipment_used": null,
    "is_control": false,
    "is_reference": false,
    "manager_comment": null
  }
},
{
  "model": "lims.testassignment",
  "pk": 95,
  "fields": {
    "sample": 13,
    "parameter": 3,
    "analyst": null,
    "assigned_date": "2025-07-24T12:20:19.209Z",
    "status": "pending",
    "equipment_used": null,
    "is_control": false,
    "is_reference": false,
    "manager_comment": null
  }
},
{
  "model": "lims.testassignment",
  "pk": 96,
  "fields": {
    "sample": 13,
    "parameter": 4,
    "analyst": null,
    "assigned_date": "2025-07-24T12:20:19.465Z",
    "status": "pending",
    "equipment_used": null,
    "is_control": false,
    "is_reference": false,
    "manager_comment": null
  }
},
{
  "model": "lims.testassignment",
  "pk": 97,
  "fields": {
    "sample": 13,
    "parameter": 5,
    "analyst": null,
    "assigned_date": "2025-07-24T12:20:19.760Z",
    "status": "pending",
    "equipment_used": null,
    "is_control": false,
    "is_reference": false,
    "manager_comment": null
  }
},
{
  "model": "lims.testassignment",
  "pk": 98,
  "fields": {
    "sample": 14,
    "parameter": 1,
    "analyst": null,
    "assigned_date": "2025-07-24T12:20:20.440Z",
    "status": "pending",
    "equipment_used": null,
    "is_control": false,
    "is_reference": false,
    "manager_comment": null
  }
},
{
  "model": "lims.testassignment",
  "pk": 99,
  "fields": {
    "sample": 14,
    "parameter": 2,
    "analyst": null,
    "assigned_date": "2025-07-24T12:20:20.671Z",
    "status": "pending",
    "equipment_used": null,
    "is_control": false,
    "is_reference": false,
    "manager_comment": null
  }
},
{
  "model": "lims.testassignment",
  "pk": 100,
  "fields": {
    "sample": 14,
    "parameter": 3,
    "analyst": null,
    "assigned_date": "2025-07-24T12:20:21.023Z",
    "status": "pending",
    "equipment_used": null,
    "is_control": false,
    "is_reference": false,
    "manager_comment": null
  }
},
{
  "model": "lims.testassignment",
  "pk": 101,
  "fields": {
    "sample": 14,
    "parameter": 4,
    "analyst": null,
    "assigned_date": "2025-07-24T12:20:21.300Z",
    "status": "pending",
    "equipment_used": null,
    "is_control": false,
    "is_reference": false,
    "manager_comment": null
  }
},
{
  "model": "lims.testassignment",
  "pk": 102,
  "fields": {
    "sample": 14,
    "parameter": 5,
    "analyst": null,
    "assigned_date": "2025-07-24T12:20:21.623Z",
    "status": "pending",
    "equipment_used": null,
    "is_control": false,
    "is_reference": false,
    "manager_comment": null
  }
},
{
  "model": "lims.testassignment",
  "pk": 103,
  "fields": {
    "sample": 15,
    "parameter": 1,
    "analyst": null,
    "assigned_date": "2025-07-24T12:20:22.180Z",
    "status": "pending",
    "equipment_used": null,
    "is_control": false,
    "is_reference": false,
    "manager_comment": null
  }
},
{
  "model": "lims.testassignment",
  "pk": 104,
  "fields": {
    "sample": 15,
    "parameter": 2,
    "analyst": null,
    "assigned_date": "2025-07-24T12:20:22.630Z",
    "status": "pending",
    "equipment_used": null,
    "is_control": false,
    "is_reference": false,
    "manager_comment": null
  }
},
{
  "model": "lims.testassignment",
  "pk": 105,
  "fields": {
    "sample": 15,
    "parameter": 3,
    "analyst": null,
    "assigned_date": "2025-07-24T12:20:22.860Z",
    "status": "pending",
    "equipment_used": null,
    "is_control": false,
    "is_reference": false,
    "manager_comment": null
  }
},
{
  "model": "lims.testassignment",
  "pk": 106,
  "fields": {
    "sample": 15,
    "parameter": 4,
    "analyst": null,
    "assigned_date": "2025-07-24T12:20:23.222Z",
    "status": "pending",
    "equipment_used": null,
    "is_control": false,
    "is_reference": false,
    "manager_comment": null
  }
},
{
  "model": "lims.testassignment",
  "pk": 107,
  "fields": {
    "sample": 15,
    "parameter": 5,
    "analyst": null,
    "assigned_date": "2025-07-24T12:20:23.472Z",
    "status": "pending",
    "equipment_used": null,
    "is_control": false,
    "is_reference": false,
    "manager_comment": null
  }
},
{
  "model": "lims.testassignment",
  "pk": 108,
  "fields": {
    "sample": 16,
    "parameter": 1,
    "analyst": null,
    "assigned_date": "2025-07-24T12:20:24.248Z",
    "status": "pending",
    "equipment_used": null,
    "is_control": false,
    "is_reference": false,
    "manager_comment": null
  }
},
{
  "model": "lims.testassignment",
  "pk": 109,
  "fields": {
    "sample": 16,
    "parameter": 2,
    "analyst": null,
    "assigned_date": "2025-07-24T12:20:24.730Z",
    "status": "pending",
    "equipment_used": null,
    "is_control": false,
    "is_reference": false,
    "manager_comment": null
  }
},
{
  "model": "lims.testassignment",
  "pk": 110,
  "fields": {
    "sample": 16,
    "parameter": 3,
    "analyst": null,
    "assigned_date": "2025-07-24T12:20:25.058Z",
    "status": "pending",
    "equipment_used": null,
    "is_control": false,
    "is_reference": false,
    "manager_comment": null
  }
},
{
  "model": "lims.testassignment",
  "pk": 111,
  "fields": {
    "sample": 16,
    "parameter": 4,
    "analyst": null,
    "assigned_date": "2025-07-24T12:20:25.354Z",
    "status": "pending",
    "equipment_used": null,
    "is_control": false,
    "is_reference": false,
    "manager_comment": null
  }
},
{
  "model": "lims.testassignment",
  "pk": 112,
  "fields": {
    "sample": 16,
    "parameter": 5,
    "analyst": null,
    "assigned_date": "2025-07-24T12:20:25.725Z",
    "status": "pending",
    "equipment_used": null,
    "is_control": false,
    "is_reference": false,
    "manager_comment": null
  }
},
{
  "model": "lims.testassignment",
  "pk": 113,
  "fields": {
    "sample": 16,
    "parameter": 20,
    "analyst": null,
    "assigned_date": "2025-07-24T12:20:26.052Z",
    "status": "pending",
    "equipment_used": null,
    "is_control": false,
    "is_reference": false,
    "manager_comment": null
  }
},
{
  "model": "lims.testassignment",
  "pk": 114,
  "fields": {
    "sample": 17,
    "parameter": 1,
    "analyst": null,
    "assigned_date": "2025-07-24T12:20:26.685Z",
    "status": "pending",
    "equipment_used": null,
    "is_control": false,
    "is_reference": false,
    "manager_comment": null
  }
},
{
  "model": "lims.testassignment",
  "pk": 115,
  "fields": {
    "sample": 17,
    "parameter": 2,
    "analyst": null,
    "assigned_date": "2025-07-24T12:20:27.146Z",
    "status": "pending",
    "equipment_used": null,
    "is_control": false,
    "is_reference": false,
    "manager_comment": null
  }
},
{
  "model": "lims.testassignment",
  "pk": 116,
  "fields": {
    "sample": 17,
    "parameter": 3,
    "analyst": null,
    "assigned_date": "2025-07-24T12:20:27.539Z",
    "status": "pending",
    "equipment_used": null,
    "is_control": false,
    "is_reference": false,
    "manager_comment": null
  }
},
{
  "model": "lims.testassignment",
  "pk": 117,
  "fields": {
    "sample": 17,
    "parameter": 4,
    "analyst": null,
    "assigned_date": "2025-07-24T12:20:27.782Z",
    "status": "pending",
    "equipment_used": null,
    "is_control": false,
    "is_reference": false,
    "manager_comment": null
  }
},
{
  "model": "lims.testassignment",
  "pk": 118,
  "fields": {
    "sample": 17,
    "parameter": 5,
    "analyst": null,
    "assigned_date": "2025-07-24T12:20:28.393Z",
    "status": "pending",
    "equipment_used": null,
    "is_control": false,
    "is_reference": false,
    "manager_comment": null
  }
},
{
  "model": "lims.testassignment",
  "pk": 119,
  "fields": {
    "sample": 17,
    "parameter": 20,
    "analyst": null,
    "assigned_date": "2025-07-24T12:20:28.790Z",
    "status": "pending",
    "equipment_used": null,
    "is_control": false,
    "is_reference": false,
    "manager_comment": null
  }
},
{
  "model": "lims.testassignment",
  "pk": 142,
  "fields": {
    "sample": 36,
    "parameter": 1,
    "analyst": 2,
    "assigned_date": "2025-07-25T07:26:29.062Z",
    "status": "verified",
    "equipment_used": null,
    "is_control": false,
    "is_reference": false,
    "manager_comment": ""
  }
},
{
  "model": "lims.testassignment",
  "pk": 143,
  "fields": {
    "sample": 36,
    "parameter": 2,
    "analyst": 2,
    "assigned_date": "2025-07-25T07:25:40.488Z",
    "status": "verified",
    "equipment_used": null,
    "is_control": false,
    "is_reference": false,
    "manager_comment": ""
  }
},
{
  "model": "lims.testassignment",
  "pk": 144,
  "fields": {
    "sample": 36,
    "parameter": 3,
    "analyst": 2,
    "assigned_date": "2025-07-25T07:26:43.864Z",
    "status": "verified",
    "equipment_used": null,
    "is_control": false,
    "is_reference": false,
    "manager_comment": ""
  }
},
{
  "model": "lims.testassignment",
  "pk": 145,
  "fields": {
    "sample": 36,
    "parameter": 4,
    "analyst": 2,
    "assigned_date": "2025-07-25T07:26:12.929Z",
    "status": "verified",
    "equipment_used": null,
    "is_control": false,
    "is_reference": false,
    "manager_comment": ""
  }
},
{
  "model": "lims.testassignment",
  "pk": 146,
  "fields": {
    "sample": 36,
    "parameter": 5,
    "analyst": 2,
    "assigned_date": "2025-07-25T07:27:02.202Z",
    "status": "verified",
    "equipment_used": null,
    "is_control": false,
    "is_reference": false,
    "manager_comment": ""
  }
},
{
  "model": "lims.testassignment",
  "pk": 147,
  "fields": {
    "sample": 37,
    "parameter": 2,
    "analyst": 2,
    "assigned_date": "2025-07-25T07:25:41.451Z",
    "status": "verified",
    "equipment_used": null,
    "is_control": true,
    "is_reference": false,
    "manager_comment": ""
  }
},
{
  "model": "lims.testassignment",
  "pk": 148,
  "fields": {
    "sample": 38,
    "parameter": 4,
    "analyst": 2,
    "assigned_date": "2025-07-25T07:26:13.598Z",
    "status": "verified",
    "equipment_used": null,
    "is_control": true,
    "is_reference": false,
    "manager_comment": ""
  }
},
{
  "model": "lims.testassignment",
  "pk": 149,
  "fields": {
    "sample": 39,
    "parameter": 1,
    "analyst": 2,
    "assigned_date": "2025-07-25T07:26:29.802Z",
    "status": "verified",
    "equipment_used": null,
    "is_control": true,
    "is_reference": false,
    "manager_comment": ""
  }
},
{
  "model": "lims.testassignment",
  "pk": 150,
  "fields": {
    "sample": 40,
    "parameter": 3,
    "analyst": 2,
    "assigned_date": "2025-07-25T07:26:44.325Z",
    "status": "verified",
    "equipment_used": null,
    "is_control": true,
    "is_reference": false,
    "manager_comment": ""
  }
},
{
  "model": "lims.testassignment",
  "pk": 151,
  "fields": {
    "sample": 41,
    "parameter": 5,
    "analyst": 2,
    "assigned_date": "2025-07-25T07:27:02.606Z",
    "status": "verified",
    "equipment_used": null,
    "is_control": true,
    "is_reference": false,
    "manager_comment": ""
  }
},
{
  "model": "lims.historicaltestresult",
  "pk": 1,
  "fields": {
    "id": 2,
    "value": 43.0,
    "recorded_at": "2025-07-23T11:35:43.983Z",
    "started_at": null,
    "source": "manual",
    "calculation_note": null,
    "test_assignment": 80,
    "recorded_by": 2,
    "history_date": "2025-07-23T11:35:43.987Z",
    "history_change_reason": null,
    "history_type": "+",
    "history_user": null
  }
},
{
  "model": "lims.historicaltestresult",
  "pk": 2,
  "fields": {
    "id": 3,
    "value": 45.0,
    "recorded_at": "2025-07-23T11:36:08.158Z",
    "started_at": null,
    "source": "manual",
    "calculation_note": null,
    "test_assignment": 81,
    "recorded_by": 2,
    "history_date": "2025-07-23T11:36:08.165Z",
    "history_change_reason": null,
    "history_type": "+",
    "history_user": null
  }
},
{
  "model": "lims.historicaltestresult",
  "pk": 3,
  "fields": {
    "id": 4,
    "value": 3.0,
    "recorded_at": "2025-07-24T21:33:24.966Z",
    "started_at": null,
    "source": "manual",
    "calculation_note": null,
    "test_assignment": 89,
    "recorded_by": 2,
    "history_date": "2025-07-24T21:33:24.971Z",
    "history_change_reason": null,
    "history_type": "+",
    "history_user": 2
  }
},
{
  "model": "lims.historicaltestresult",
  "pk": 4,
  "fields": {
    "id": 4,
    "value": 3.0,
    "recorded_at": "2025-07-24T21:33:24.966Z",
    "started_at": null,
    "source": "manual",
    "calculation_note": null,
    "test_assignment": 89,
    "recorded_by": 2,
    "history_date": "2025-07-24T21:35:10.211Z",
    "history_change_reason": null,
    "history_type": "-",
    "history_user": 1
  }
},
{
  "model": "lims.historicaltestresult",
  "pk": 5,
  "fields": {
    "id": 3,
    "value": 45.0,
    "recorded_at": "2025-07-23T11:36:08.158Z",
    "started_at": null,
    "source": "manual",
    "calculation_note": null,
    "test_assignment": 81,
    "recorded_by": 2,
    "history_date": "2025-07-24T21:35:10.220Z",
    "history_change_reason": null,
    "history_type": "-",
    "history_user": 1
  }
},
{
  "model": "lims.historicaltestresult",
  "pk": 6,
  "fields": {
    "id": 2,
    "value": 43.0,
    "recorded_at": "2025-07-23T11:35:43.983Z",
    "started_at": null,
    "source": "manual",
    "calculation_note": null,
    "test_assignment": 80,
    "recorded_by": 2,
    "history_date": "2025-07-24T21:35:10.226Z",
    "history_change_reason": null,
    "history_type": "-",
    "history_user": 1
  }
},
{
  "model": "lims.historicaltestresult",
  "pk": 7,
  "fields": {
    "id": 5,
    "value": 22.0,
    "recorded_at": "2025-07-25T09:19:03.320Z",
    "started_at": null,
    "source": "manual",
    "calculation_note": null,
    "test_assignment": 142,
    "recorded_by": 2,
    "history_date": "2025-07-25T09:19:03.327Z",
    "history_change_reason": null,
    "history_type": "+",
    "history_user": 2
  }
},
{
  "model": "lims.historicaltestresult",
  "pk": 8,
  "fields": {
    "id": 6,
    "value": 11.0,
    "recorded_at": "2025-07-25T10:00:06.577Z",
    "started_at": null,
    "source": "manual",
    "calculation_note": null,
    "test_assignment": 143,
    "recorded_by": 3,
    "history_date": "2025-07-25T10:00:06.577Z",
    "history_change_reason": null,
    "history_type": "+",
    "history_user": 3
  }
},
{
  "model": "lims.historicaltestresult",
  "pk": 9,
  "fields": {
    "id": 7,
    "value": 11.0,
    "recorded_at": "2025-07-25T10:01:02.132Z",
    "started_at": null,
    "source": "manual",
    "calculation_note": null,
    "test_assignment": 146,
    "recorded_by": 2,
    "history_date": "2025-07-25T10:01:02.137Z",
    "history_change_reason": null,
    "history_type": "+",
    "history_user": 2
  }
},
{
  "model": "lims.historicaltestresult",
  "pk": 10,
  "fields": {
    "id": 8,
    "value": 11.0,
    "recorded_at": "2025-07-25T10:01:58.492Z",
    "started_at": null,
    "source": "manual",
    "calculation_note": null,
    "test_assignment": 144,
    "recorded_by": 2,
    "history_date": "2025-07-25T10:01:58.522Z",
    "history_change_reason": null,
    "history_type": "+",
    "history_user": 2
  }
},
{
  "model": "lims.historicaltestresult",
  "pk": 11,
  "fields": {
    "id": 9,
    "value": 11.0,
    "recorded_at": "2025-07-25T10:07:24.097Z",
    "started_at": null,
    "source": "manual",
    "calculation_note": null,
    "test_assignment": 145,
    "recorded_by": 2,
    "history_date": "2025-07-25T10:07:24.101Z",
    "history_change_reason": null,
    "history_type": "+",
    "history_user": 2
  }
},
{
  "model": "lims.testresult",
  "pk": 1,
  "fields": {
    "test_assignment": 78,
    "value": 57.6,
    "recorded_by": 2,
    "recorded_at": "2025-07-20T20:13:55.558Z",
    "started_at": null,
    "source": "manual",
    "calculation_note": null
  }
},
{
  "model": "lims.testresult",
  "pk": 5,
  "fields": {
    "test_assignment": 142,
    "value": 22.0,
    "recorded_by": 2,
    "recorded_at": "2025-07-25T09:19:03.320Z",
    "started_at": null,
    "source": "manual",
    "calculation_note": null
  }
},
{
  "model": "lims.testresult",
  "pk": 6,
  "fields": {
    "test_assignment": 143,
    "value": 11.0,
    "recorded_by": 3,
    "recorded_at": "2025-07-25T10:00:06.577Z",
    "started_at": null,
    "source": "manual",
    "calculation_note": null
  }
},
{
  "model": "lims.testresult",
  "pk": 7,
  "fields": {
    "test_assignment": 146,
    "value": 11.0,
    "recorded_by": 2,
    "recorded_at": "2025-07-25T10:01:02.132Z",
    "started_at": null,
    "source": "manual",
    "calculation_note": null
  }
},
{
  "model": "lims.testresult",
  "pk": 8,
  "fields": {
    "test_assignment": 144,
    "value": 11.0,
    "recorded_by": 2,
    "recorded_at": "2025-07-25T10:01:58.492Z",
    "started_at": null,
    "source": "manual",
    "calculation_note": null
  }
},
{
  "model": "lims.testresult",
  "pk": 9,
  "fields": {
    "test_assignment": 145,
    "value": 11.0,
    "recorded_by": 2,
    "recorded_at": "2025-07-25T10:07:24.097Z",
    "started_at": null,
    "source": "manual",
    "calculation_note": null
  }
},
{
  "model": "lims.testenvironment",
  "pk": 1,
  "fields": {
    "test_assignment": 78,
    "temperature": "22.60",
    "humidity": "67.00",
    "pressure": null,
    "instrument": null,
    "recorded_by": 2,
    "recorded_at": "2025-07-20T20:13:55.566Z"
  }
},
{
  "model": "lims.testenvironment",
  "pk": 5,
  "fields": {
    "test_assignment": 142,
    "temperature": "22.00",
    "humidity": "22.00",
    "pressure": null,
    "instrument": null,
    "recorded_by": 2,
    "recorded_at": "2025-07-25T09:19:03.327Z"
  }
},
{
  "model": "lims.testenvironment",
  "pk": 6,
  "fields": {
    "test_assignment": 143,
    "temperature": "11.00",
    "humidity": "11.00",
    "pressure": null,
    "instrument": null,
    "recorded_by": 3,
    "recorded_at": "2025-07-25T10:00:06.587Z"
  }
},
{
  "model": "lims.testenvironment",
  "pk": 7,
  "fields": {
    "test_assignment": 146,
    "temperature": "11.00",
    "humidity": "11.00",
    "pressure": null,
    "instrument": null,
    "recorded_by": 2,
    "recorded_at": "2025-07-25T10:01:02.144Z"
  }
},
{
  "model": "lims.testenvironment",
  "pk": 8,
  "fields": {
    "test_assignment": 144,
    "temperature": "11.00",
    "humidity": "11.00",
    "pressure": null,
    "instrument": null,
    "recorded_by": 2,
    "recorded_at": "2025-07-25T10:01:58.532Z"
  }
},
{
  "model": "lims.testenvironment",
  "pk": 9,
  "fields": {
    "test_assignment": 145,
    "temperature": "11.00",
    "humidity": "11.00",
    "pressure": null,
    "instrument": null,
    "recorded_by": 2,
    "recorded_at": "2025-07-25T10:07:24.107Z"
  }
},
{
  "model": "lims.qcmetrics",
  "pk": 1,
  "fields": {
    "test_assignment": 79,
    "expected_value": null,
    "tolerance": "10.00",
    "min_acceptable": "11.66",
    "max_acceptable": "11.86",
    "measured_value": "11.66",
    "recovery_percent": null,
    "status": "pass",
    "notes": "",
    "created_at": "2025-07-20T20:13:55.576Z"
  }
},
{
  "model": "lims.qcmetrics",
  "pk": 4,
  "fields": {
    "test_assignment": 149,
    "expected_value": null,
    "tolerance": "10.00",
    "min_acceptable": "10.65",
    "max_acceptable": "11.13",
    "measured_value": "10.00",
    "recovery_percent": null,
    "status": "fail",
    "notes": "",
    "created_at": "2025-07-25T09:19:03.337Z"
  }
},
{
  "model": "lims.qcmetrics",
  "pk": 5,
  "fields": {
    "test_assignment": 147,
    "expected_value": null,
    "tolerance": "10.00",
    "min_acceptable": "0.99",
    "max_acceptable": "1.42",
    "measured_value": "1.00",
    "recovery_percent": null,
    "status": "pass",
    "notes": "",
    "created_at": "2025-07-25T10:00:06.597Z"
  }
},
{
  "model": "lims.qcmetrics",
  "pk": 6,
  "fields": {
    "test_assignment": 151,
    "expected_value": null,
    "tolerance": "10.00",
    "min_acceptable": "11.66",
    "max_acceptable": "11.86",
    "measured_value": "11.00",
    "recovery_percent": null,
    "status": "fail",
    "notes": "",
    "created_at": "2025-07-25T10:01:02.167Z"
  }
},
{
  "model": "lims.qcmetrics",
  "pk": 7,
  "fields": {
    "test_assignment": 150,
    "expected_value": null,
    "tolerance": "10.00",
    "min_acceptable": "2.18",
    "max_acceptable": "2.33",
    "measured_value": "1.00",
    "recovery_percent": null,
    "status": "fail",
    "notes": "",
    "created_at": "2025-07-25T10:01:58.541Z"
  }
},
{
  "model": "lims.qcmetrics",
  "pk": 8,
  "fields": {
    "test_assignment": 148,
    "expected_value": null,
    "tolerance": "10.00",
    "min_acceptable": "1.32",
    "max_acceptable": "1.43",
    "measured_value": "1.00",
    "recovery_percent": null,
    "status": "fail",
    "notes": "",
    "created_at": "2025-07-25T10:07:24.112Z"
  }
},
{
  "model": "lims.controlspec",
  "pk": 1,
  "fields": {
    "parameter": 5,
    "min_acceptable": "11.6630",
    "max_acceptable": "11.8600",
    "expected_value": null,
    "default_tolerance": null,
    "unit": "%"
  }
},
{
  "model": "lims.controlspec",
  "pk": 2,
  "fields": {
    "parameter": 2,
    "min_acceptable": "0.9930",
    "max_acceptable": "1.4240",
    "expected_value": null,
    "default_tolerance": null,
    "unit": "%"
  }
},
{
  "model": "lims.controlspec",
  "pk": 3,
  "fields": {
    "parameter": 1,
    "min_acceptable": "10.6480",
    "max_acceptable": "11.1320",
    "expected_value": null,
    "default_tolerance": null,
    "unit": "%"
  }
},
{
  "model": "lims.controlspec",
  "pk": 4,
  "fields": {
    "parameter": 3,
    "min_acceptable": "2.1780",
    "max_acceptable": "2.3280",
    "expected_value": null,
    "default_tolerance": null,
    "unit": "%"
  }
},
{
  "model": "lims.controlspec",
  "pk": 5,
  "fields": {
    "parameter": 4,
    "min_acceptable": "1.3220",
    "max_acceptable": "1.4340",
    "expected_value": null,
    "default_tolerance": null,
    "unit": "%"
  }
},
{
  "model": "lims.reagent",
  "pk": 1,
  "fields": {
    "name": "ACETONE/Liter",
    "batch_number": "",
    "manufacturer": "",
    "supplier_name": "",
    "supplier_contact": "",
    "supplier_email": "",
    "date_received": "2025-07-16",
    "expiry_date": null,
    "number_of_containers": 0,
    "quantity_per_container": 1.0,
    "unit": "",
    "storage_condition": "",
    "safety_data_sheet": "",
    "certificate_of_analysis": "",
    "low_stock_threshold": 2
  }
},
{
  "model": "lims.reagent",
  "pk": 2,
  "fields": {
    "name": "ACETONITIRATE HPLC GRADE",
    "batch_number": "",
    "manufacturer": "",
    "supplier_name": "",
    "supplier_contact": "",
    "supplier_email": "",
    "date_received": "2025-07-16",
    "expiry_date": null,
    "number_of_containers": 2,
    "quantity_per_container": 1.0,
    "unit": "",
    "storage_condition": "",
    "safety_data_sheet": "",
    "certificate_of_analysis": "",
    "low_stock_threshold": 2
  }
},
{
  "model": "lims.reagent",
  "pk": 3,
  "fields": {
    "name": "ALANINE",
    "batch_number": "",
    "manufacturer": "",
    "supplier_name": "",
    "supplier_contact": "",
    "supplier_email": "",
    "date_received": "2025-07-16",
    "expiry_date": null,
    "number_of_containers": 1,
    "quantity_per_container": 1.0,
    "unit": "",
    "storage_condition": "",
    "safety_data_sheet": "",
    "certificate_of_analysis": "",
    "low_stock_threshold": 2
  }
},
{
  "model": "lims.reagent",
  "pk": 4,
  "fields": {
    "name": "ALBUMIN",
    "batch_number": "",
    "manufacturer": "",
    "supplier_name": "",
    "supplier_contact": "",
    "supplier_email": "",
    "date_received": "2025-07-16",
    "expiry_date": null,
    "number_of_containers": 0,
    "quantity_per_container": 1.0,
    "unit": "",
    "storage_condition": "",
    "safety_data_sheet": "",
    "certificate_of_analysis": "",
    "low_stock_threshold": 2
  }
},
{
  "model": "lims.reagent",
  "pk": 5,
  "fields": {
    "name": "ALUMINIUM CHLORIDE",
    "batch_number": "",
    "manufacturer": "",
    "supplier_name": "",
    "supplier_contact": "",
    "supplier_email": "",
    "date_received": "2025-07-16",
    "expiry_date": null,
    "number_of_containers": 0,
    "quantity_per_container": 1.0,
    "unit": "",
    "storage_condition": "",
    "safety_data_sheet": "",
    "certificate_of_analysis": "",
    "low_stock_threshold": 2
  }
},
{
  "model": "lims.reagent",
  "pk": 6,
  "fields": {
    "name": "ALUTAMINE",
    "batch_number": "",
    "manufacturer": "",
    "supplier_name": "",
    "supplier_contact": "",
    "supplier_email": "",
    "date_received": "2025-07-16",
    "expiry_date": null,
    "number_of_containers": 0,
    "quantity_per_container": 1.0,
    "unit": "",
    "storage_condition": "",
    "safety_data_sheet": "",
    "certificate_of_analysis": "",
    "low_stock_threshold": 2
  }
},
{
  "model": "lims.reagent",
  "pk": 7,
  "fields": {
    "name": "AMMONIUM CHLORIDE",
    "batch_number": "",
    "manufacturer": "",
    "supplier_name": "",
    "supplier_contact": "",
    "supplier_email": "",
    "date_received": "2025-07-16",
    "expiry_date": null,
    "number_of_containers": 1,
    "quantity_per_container": 1.0,
    "unit": "",
    "storage_condition": "",
    "safety_data_sheet": "",
    "certificate_of_analysis": "",
    "low_stock_threshold": 2
  }
},
{
  "model": "lims.reagent",
  "pk": 8,
  "fields": {
    "name": "AMMONIA SOLUTION",
    "batch_number": "",
    "manufacturer": "",
    "supplier_name": "",
    "supplier_contact": "",
    "supplier_email": "",
    "date_received": "2025-07-16",
    "expiry_date": null,
    "number_of_containers": 1,
    "quantity_per_container": 1.0,
    "unit": "",
    "storage_condition": "",
    "safety_data_sheet": "",
    "certificate_of_analysis": "",
    "low_stock_threshold": 2
  }
},
{
  "model": "lims.reagent",
  "pk": 9,
  "fields": {
    "name": "AMMONIUM FERROUS",
    "batch_number": "",
    "manufacturer": "",
    "supplier_name": "",
    "supplier_contact": "",
    "supplier_email": "",
    "date_received": "2025-07-16",
    "expiry_date": null,
    "number_of_containers": 0,
    "quantity_per_container": 1.0,
    "unit": "",
    "storage_condition": "",
    "safety_data_sheet": "",
    "certificate_of_analysis": "",
    "low_stock_threshold": 2
  }
},
{
  "model": "lims.reagent",
  "pk": 10,
  "fields": {
    "name": "AMMONIUM HEPTAMOLYBDATE",
    "batch_number": "",
    "manufacturer": "",
    "supplier_name": "",
    "supplier_contact": "",
    "supplier_email": "",
    "date_received": "2025-07-16",
    "expiry_date": null,
    "number_of_containers": 0,
    "quantity_per_container": 1.0,
    "unit": "",
    "storage_condition": "",
    "safety_data_sheet": "",
    "certificate_of_analysis": "",
    "low_stock_threshold": 2
  }
},
{
  "model": "lims.reagent",
  "pk": 11,
  "fields": {
    "name": "AMMONIUM HYDROXIDE(2.5L)",
    "batch_number": "",
    "manufacturer": "",
    "supplier_name": "",
    "supplier_contact": "",
    "supplier_email": "",
    "date_received": "2025-07-16",
    "expiry_date": null,
    "number_of_containers": 0,
    "quantity_per_container": 1.0,
    "unit": "",
    "storage_condition": "",
    "safety_data_sheet": "",
    "certificate_of_analysis": "",
    "low_stock_threshold": 2
  }
},
{
  "model": "lims.reagent",
  "pk": 12,
  "fields": {
    "name": "AMMONIUM METAVANADATE(300g)",
    "batch_number": "",
    "manufacturer": "",
    "supplier_name": "",
    "supplier_contact": "",
    "supplier_email": "",
    "date_received": "2025-07-16",
    "expiry_date": null,
    "number_of_containers": 0,
    "quantity_per_container": 1.0,
    "unit": "",
    "storage_condition": "",
    "safety_data_sheet": "",
    "certificate_of_analysis": "",
    "low_stock_threshold": 2
  }
},
{
  "model": "lims.reagent",
  "pk": 13,
  "fields": {
    "name": "AMMONIUM MOLYBDATE",
    "batch_number": "",
    "manufacturer": "",
    "supplier_name": "",
    "supplier_contact": "",
    "supplier_email": "",
    "date_received": "2025-07-16",
    "expiry_date": null,
    "number_of_containers": 1,
    "quantity_per_container": 1.0,
    "unit": "",
    "storage_condition": "",
    "safety_data_sheet": "",
    "certificate_of_analysis": "",
    "low_stock_threshold": 2
  }
},
{
  "model": "lims.reagent",
  "pk": 14,
  "fields": {
    "name": "AMMONIUM MONOVANADATE",
    "batch_number": "",
    "manufacturer": "",
    "supplier_name": "",
    "supplier_contact": "",
    "supplier_email": "",
    "date_received": "2025-07-16",
    "expiry_date": null,
    "number_of_containers": 0,
    "quantity_per_container": 1.0,
    "unit": "",
    "storage_condition": "",
    "safety_data_sheet": "",
    "certificate_of_analysis": "",
    "low_stock_threshold": 2
  }
},
{
  "model": "lims.reagent",
  "pk": 15,
  "fields": {
    "name": "AMMONIUM SULFATE",
    "batch_number": "",
    "manufacturer": "",
    "supplier_name": "",
    "supplier_contact": "",
    "supplier_email": "",
    "date_received": "2025-07-16",
    "expiry_date": null,
    "number_of_containers": 0,
    "quantity_per_container": 1.0,
    "unit": "",
    "storage_condition": "",
    "safety_data_sheet": "",
    "certificate_of_analysis": "",
    "low_stock_threshold": 2
  }
},
{
  "model": "lims.reagent",
  "pk": 16,
  "fields": {
    "name": "AMMONIUM THIOCYNANATE",
    "batch_number": "",
    "manufacturer": "",
    "supplier_name": "",
    "supplier_contact": "",
    "supplier_email": "",
    "date_received": "2025-07-16",
    "expiry_date": null,
    "number_of_containers": 0,
    "quantity_per_container": 1.0,
    "unit": "",
    "storage_condition": "",
    "safety_data_sheet": "",
    "certificate_of_analysis": "",
    "low_stock_threshold": 2
  }
},
{
  "model": "lims.reagent",
  "pk": 17,
  "fields": {
    "name": "ANILINE",
    "batch_number": "",
    "manufacturer": "",
    "supplier_name": "",
    "supplier_contact": "",
    "supplier_email": "",
    "date_received": "2025-07-16",
    "expiry_date": null,
    "number_of_containers": 1,
    "quantity_per_container": 1.0,
    "unit": "",
    "storage_condition": "",
    "safety_data_sheet": "",
    "certificate_of_analysis": "",
    "low_stock_threshold": 2
  }
},
{
  "model": "lims.reagent",
  "pk": 18,
  "fields": {
    "name": "ANTHRONE(4g)",
    "batch_number": "",
    "manufacturer": "",
    "supplier_name": "",
    "supplier_contact": "",
    "supplier_email": "",
    "date_received": "2025-07-16",
    "expiry_date": null,
    "number_of_containers": 0,
    "quantity_per_container": 1.0,
    "unit": "",
    "storage_condition": "",
    "safety_data_sheet": "",
    "certificate_of_analysis": "",
    "low_stock_threshold": 2
  }
},
{
  "model": "lims.reagent",
  "pk": 19,
  "fields": {
    "name": "ARGININE",
    "batch_number": "",
    "manufacturer": "",
    "supplier_name": "",
    "supplier_contact": "",
    "supplier_email": "",
    "date_received": "2025-07-16",
    "expiry_date": null,
    "number_of_containers": 0,
    "quantity_per_container": 1.0,
    "unit": "",
    "storage_condition": "",
    "safety_data_sheet": "",
    "certificate_of_analysis": "",
    "low_stock_threshold": 2
  }
},
{
  "model": "lims.reagent",
  "pk": 20,
  "fields": {
    "name": "ASCORBIC ACID",
    "batch_number": "",
    "manufacturer": "",
    "supplier_name": "",
    "supplier_contact": "",
    "supplier_email": "",
    "date_received": "2025-07-16",
    "expiry_date": null,
    "number_of_containers": 0,
    "quantity_per_container": 1.0,
    "unit": "",
    "storage_condition": "",
    "safety_data_sheet": "",
    "certificate_of_analysis": "",
    "low_stock_threshold": 2
  }
},
{
  "model": "lims.reagent",
  "pk": 21,
  "fields": {
    "name": "ASPARAGINE",
    "batch_number": "",
    "manufacturer": "",
    "supplier_name": "",
    "supplier_contact": "",
    "supplier_email": "",
    "date_received": "2025-07-16",
    "expiry_date": null,
    "number_of_containers": 1,
    "quantity_per_container": 1.0,
    "unit": "",
    "storage_condition": "",
    "safety_data_sheet": "",
    "certificate_of_analysis": "",
    "low_stock_threshold": 2
  }
},
{
  "model": "lims.reagent",
  "pk": 22,
  "fields": {
    "name": "BARIUM CHLORIDE",
    "batch_number": "",
    "manufacturer": "",
    "supplier_name": "",
    "supplier_contact": "",
    "supplier_email": "",
    "date_received": "2025-07-16",
    "expiry_date": null,
    "number_of_containers": 0,
    "quantity_per_container": 1.0,
    "unit": "",
    "storage_condition": "",
    "safety_data_sheet": "",
    "certificate_of_analysis": "",
    "low_stock_threshold": 2
  }
},
{
  "model": "lims.reagent",
  "pk": 23,
  "fields": {
    "name": "BARIUM NITRATE",
    "batch_number": "",
    "manufacturer": "",
    "supplier_name": "",
    "supplier_contact": "",
    "supplier_email": "",
    "date_received": "2025-07-16",
    "expiry_date": null,
    "number_of_containers": 0,
    "quantity_per_container": 1.0,
    "unit": "",
    "storage_condition": "",
    "safety_data_sheet": "",
    "certificate_of_analysis": "",
    "low_stock_threshold": 2
  }
},
{
  "model": "lims.reagent",
  "pk": 24,
  "fields": {
    "name": "BENZENE",
    "batch_number": "",
    "manufacturer": "",
    "supplier_name": "",
    "supplier_contact": "",
    "supplier_email": "",
    "date_received": "2025-07-16",
    "expiry_date": null,
    "number_of_containers": 0,
    "quantity_per_container": 1.0,
    "unit": "",
    "storage_condition": "",
    "safety_data_sheet": "",
    "certificate_of_analysis": "",
    "low_stock_threshold": 2
  }
},
{
  "model": "lims.reagent",
  "pk": 25,
  "fields": {
    "name": "BORIC ACID 500g",
    "batch_number": "",
    "manufacturer": "",
    "supplier_name": "",
    "supplier_contact": "",
    "supplier_email": "",
    "date_received": "2025-07-16",
    "expiry_date": null,
    "number_of_containers": 3,
    "quantity_per_container": 1.0,
    "unit": "",
    "storage_condition": "",
    "safety_data_sheet": "",
    "certificate_of_analysis": "",
    "low_stock_threshold": 2
  }
},
{
  "model": "lims.reagent",
  "pk": 26,
  "fields": {
    "name": "BROMOCRESOL GREEN",
    "batch_number": "",
    "manufacturer": "",
    "supplier_name": "",
    "supplier_contact": "",
    "supplier_email": "",
    "date_received": "2025-07-16",
    "expiry_date": null,
    "number_of_containers": 1,
    "quantity_per_container": 1.0,
    "unit": "",
    "storage_condition": "",
    "safety_data_sheet": "",
    "certificate_of_analysis": "",
    "low_stock_threshold": 2
  }
},
{
  "model": "lims.reagent",
  "pk": 27,
  "fields": {
    "name": "CACIUM CARBONATE",
    "batch_number": "",
    "manufacturer": "",
    "supplier_name": "",
    "supplier_contact": "",
    "supplier_email": "",
    "date_received": "2025-07-16",
    "expiry_date": null,
    "number_of_containers": 0,
    "quantity_per_container": 1.0,
    "unit": "",
    "storage_condition": "",
    "safety_data_sheet": "",
    "certificate_of_analysis": "",
    "low_stock_threshold": 2
  }
},
{
  "model": "lims.reagent",
  "pk": 28,
  "fields": {
    "name": "CAESIUM CHLORIDE )",
    "batch_number": "",
    "manufacturer": "",
    "supplier_name": "",
    "supplier_contact": "",
    "supplier_email": "",
    "date_received": "2025-07-16",
    "expiry_date": null,
    "number_of_containers": 0,
    "quantity_per_container": 1.0,
    "unit": "",
    "storage_condition": "",
    "safety_data_sheet": "",
    "certificate_of_analysis": "",
    "low_stock_threshold": 2
  }
},
{
  "model": "lims.reagent",
  "pk": 29,
  "fields": {
    "name": "CASEIN PROTEIN RICH",
    "batch_number": "",
    "manufacturer": "",
    "supplier_name": "",
    "supplier_contact": "",
    "supplier_email": "",
    "date_received": "2025-07-16",
    "expiry_date": null,
    "number_of_containers": 0,
    "quantity_per_container": 1.0,
    "unit": "",
    "storage_condition": "",
    "safety_data_sheet": "",
    "certificate_of_analysis": "",
    "low_stock_threshold": 2
  }
},
{
  "model": "lims.reagent",
  "pk": 30,
  "fields": {
    "name": "CELITE 545(20g)",
    "batch_number": "",
    "manufacturer": "",
    "supplier_name": "",
    "supplier_contact": "",
    "supplier_email": "",
    "date_received": "2025-07-16",
    "expiry_date": null,
    "number_of_containers": 0,
    "quantity_per_container": 1.0,
    "unit": "",
    "storage_condition": "",
    "safety_data_sheet": "",
    "certificate_of_analysis": "",
    "low_stock_threshold": 2
  }
},
{
  "model": "lims.reagent",
  "pk": 31,
  "fields": {
    "name": "CHLOROFOAM(2.5L)",
    "batch_number": "",
    "manufacturer": "",
    "supplier_name": "",
    "supplier_contact": "",
    "supplier_email": "",
    "date_received": "2025-07-16",
    "expiry_date": null,
    "number_of_containers": 2,
    "quantity_per_container": 1.0,
    "unit": "",
    "storage_condition": "",
    "safety_data_sheet": "",
    "certificate_of_analysis": "",
    "low_stock_threshold": 2
  }
},
{
  "model": "lims.reagent",
  "pk": 32,
  "fields": {
    "name": "CTAB 100g",
    "batch_number": "",
    "manufacturer": "",
    "supplier_name": "",
    "supplier_contact": "",
    "supplier_email": "",
    "date_received": "2025-07-16",
    "expiry_date": null,
    "number_of_containers": 0,
    "quantity_per_container": 1.0,
    "unit": "",
    "storage_condition": "",
    "safety_data_sheet": "",
    "certificate_of_analysis": "",
    "low_stock_threshold": 2
  }
},
{
  "model": "lims.reagent",
  "pk": 33,
  "fields": {
    "name": "DICHLOROMENTHANE",
    "batch_number": "",
    "manufacturer": "",
    "supplier_name": "",
    "supplier_contact": "",
    "supplier_email": "",
    "date_received": "2025-07-16",
    "expiry_date": null,
    "number_of_containers": 0,
    "quantity_per_container": 1.0,
    "unit": "",
    "storage_condition": "",
    "safety_data_sheet": "",
    "certificate_of_analysis": "",
    "low_stock_threshold": 2
  }
},
{
  "model": "lims.reagent",
  "pk": 34,
  "fields": {
    "name": "DIETHYL ETHER",
    "batch_number": "",
    "manufacturer": "",
    "supplier_name": "",
    "supplier_contact": "",
    "supplier_email": "",
    "date_received": "2025-07-16",
    "expiry_date": null,
    "number_of_containers": 2,
    "quantity_per_container": 1.0,
    "unit": "",
    "storage_condition": "",
    "safety_data_sheet": "",
    "certificate_of_analysis": "",
    "low_stock_threshold": 2
  }
},
{
  "model": "lims.reagent",
  "pk": 35,
  "fields": {
    "name": "DIETHYLENE GLYCOL(2.5l)",
    "batch_number": "",
    "manufacturer": "",
    "supplier_name": "",
    "supplier_contact": "",
    "supplier_email": "",
    "date_received": "2025-07-16",
    "expiry_date": null,
    "number_of_containers": 0,
    "quantity_per_container": 1.0,
    "unit": "",
    "storage_condition": "",
    "safety_data_sheet": "",
    "certificate_of_analysis": "",
    "low_stock_threshold": 2
  }
},
{
  "model": "lims.reagent",
  "pk": 36,
  "fields": {
    "name": "DI-POTASSIUM HYDROGEN ORTHOPHOSPHATE",
    "batch_number": "",
    "manufacturer": "",
    "supplier_name": "",
    "supplier_contact": "",
    "supplier_email": "",
    "date_received": "2025-07-16",
    "expiry_date": null,
    "number_of_containers": 0,
    "quantity_per_container": 1.0,
    "unit": "",
    "storage_condition": "",
    "safety_data_sheet": "",
    "certificate_of_analysis": "",
    "low_stock_threshold": 2
  }
},
{
  "model": "lims.reagent",
  "pk": 37,
  "fields": {
    "name": "DISODIUM HYDROGEN OTHOPHOSPHATE",
    "batch_number": "",
    "manufacturer": "",
    "supplier_name": "",
    "supplier_contact": "",
    "supplier_email": "",
    "date_received": "2025-07-16",
    "expiry_date": null,
    "number_of_containers": 0,
    "quantity_per_container": 1.0,
    "unit": "",
    "storage_condition": "",
    "safety_data_sheet": "",
    "certificate_of_analysis": "",
    "low_stock_threshold": 2
  }
},
{
  "model": "lims.reagent",
  "pk": 38,
  "fields": {
    "name": "DI-SODIUM TETRABORATE",
    "batch_number": "",
    "manufacturer": "",
    "supplier_name": "",
    "supplier_contact": "",
    "supplier_email": "",
    "date_received": "2025-07-16",
    "expiry_date": null,
    "number_of_containers": 0,
    "quantity_per_container": 1.0,
    "unit": "",
    "storage_condition": "",
    "safety_data_sheet": "",
    "certificate_of_analysis": "",
    "low_stock_threshold": 2
  }
},
{
  "model": "lims.reagent",
  "pk": 39,
  "fields": {
    "name": "EDTA (500g)",
    "batch_number": "",
    "manufacturer": "",
    "supplier_name": "",
    "supplier_contact": "",
    "supplier_email": "",
    "date_received": "2025-07-16",
    "expiry_date": null,
    "number_of_containers": 0,
    "quantity_per_container": 1.0,
    "unit": "",
    "storage_condition": "",
    "safety_data_sheet": "",
    "certificate_of_analysis": "",
    "low_stock_threshold": 2
  }
},
{
  "model": "lims.reagent",
  "pk": 40,
  "fields": {
    "name": "EHANEDIOL",
    "batch_number": "",
    "manufacturer": "",
    "supplier_name": "",
    "supplier_contact": "",
    "supplier_email": "",
    "date_received": "2025-07-16",
    "expiry_date": null,
    "number_of_containers": 1,
    "quantity_per_container": 1.0,
    "unit": "",
    "storage_condition": "",
    "safety_data_sheet": "",
    "certificate_of_analysis": "",
    "low_stock_threshold": 2
  }
},
{
  "model": "lims.reagent",
  "pk": 41,
  "fields": {
    "name": "ERICHROME BLACK T INDICATOR",
    "batch_number": "",
    "manufacturer": "",
    "supplier_name": "",
    "supplier_contact": "",
    "supplier_email": "",
    "date_received": "2025-07-16",
    "expiry_date": null,
    "number_of_containers": 0,
    "quantity_per_container": 1.0,
    "unit": "",
    "storage_condition": "",
    "safety_data_sheet": "",
    "certificate_of_analysis": "",
    "low_stock_threshold": 2
  }
},
{
  "model": "lims.reagent",
  "pk": 42,
  "fields": {
    "name": "ETHANOL 2.5L",
    "batch_number": "",
    "manufacturer": "",
    "supplier_name": "",
    "supplier_contact": "",
    "supplier_email": "",
    "date_received": "2025-07-16",
    "expiry_date": null,
    "number_of_containers": 0,
    "quantity_per_container": 1.0,
    "unit": "",
    "storage_condition": "",
    "safety_data_sheet": "",
    "certificate_of_analysis": "",
    "low_stock_threshold": 2
  }
},
{
  "model": "lims.reagent",
  "pk": 43,
  "fields": {
    "name": "FERRIC CHLORIDE",
    "batch_number": "",
    "manufacturer": "",
    "supplier_name": "",
    "supplier_contact": "",
    "supplier_email": "",
    "date_received": "2025-07-16",
    "expiry_date": null,
    "number_of_containers": 1,
    "quantity_per_container": 1.0,
    "unit": "",
    "storage_condition": "",
    "safety_data_sheet": "",
    "certificate_of_analysis": "",
    "low_stock_threshold": 2
  }
},
{
  "model": "lims.reagent",
  "pk": 44,
  "fields": {
    "name": "FOMIC ACID",
    "batch_number": "",
    "manufacturer": "",
    "supplier_name": "",
    "supplier_contact": "",
    "supplier_email": "",
    "date_received": "2025-07-16",
    "expiry_date": null,
    "number_of_containers": 1,
    "quantity_per_container": 1.0,
    "unit": "",
    "storage_condition": "",
    "safety_data_sheet": "",
    "certificate_of_analysis": "",
    "low_stock_threshold": 2
  }
},
{
  "model": "lims.reagent",
  "pk": 45,
  "fields": {
    "name": "GLUTAMIC ACID",
    "batch_number": "",
    "manufacturer": "",
    "supplier_name": "",
    "supplier_contact": "",
    "supplier_email": "",
    "date_received": "2025-07-16",
    "expiry_date": null,
    "number_of_containers": 1,
    "quantity_per_container": 1.0,
    "unit": "",
    "storage_condition": "",
    "safety_data_sheet": "",
    "certificate_of_analysis": "",
    "low_stock_threshold": 2
  }
},
{
  "model": "lims.reagent",
  "pk": 46,
  "fields": {
    "name": "GLYCINE",
    "batch_number": "",
    "manufacturer": "",
    "supplier_name": "",
    "supplier_contact": "",
    "supplier_email": "",
    "date_received": "2025-07-16",
    "expiry_date": null,
    "number_of_containers": 1,
    "quantity_per_container": 1.0,
    "unit": "",
    "storage_condition": "",
    "safety_data_sheet": "",
    "certificate_of_analysis": "",
    "low_stock_threshold": 2
  }
},
{
  "model": "lims.reagent",
  "pk": 47,
  "fields": {
    "name": "HISTIDINE MONOHYDROCHLORIDE MONOHYDRATE",
    "batch_number": "",
    "manufacturer": "",
    "supplier_name": "",
    "supplier_contact": "",
    "supplier_email": "",
    "date_received": "2025-07-16",
    "expiry_date": null,
    "number_of_containers": 1,
    "quantity_per_container": 1.0,
    "unit": "",
    "storage_condition": "",
    "safety_data_sheet": "",
    "certificate_of_analysis": "",
    "low_stock_threshold": 2
  }
},
{
  "model": "lims.reagent",
  "pk": 48,
  "fields": {
    "name": "HYDROCHLORIC ACID 2.5L",
    "batch_number": "",
    "manufacturer": "",
    "supplier_name": "",
    "supplier_contact": "",
    "supplier_email": "",
    "date_received": "2025-07-16",
    "expiry_date": null,
    "number_of_containers": 3,
    "quantity_per_container": 1.0,
    "unit": "",
    "storage_condition": "",
    "safety_data_sheet": "",
    "certificate_of_analysis": "",
    "low_stock_threshold": 2
  }
},
{
  "model": "lims.reagent",
  "pk": 49,
  "fields": {
    "name": "ISOPROPYL ALCOHOL",
    "batch_number": "",
    "manufacturer": "",
    "supplier_name": "",
    "supplier_contact": "",
    "supplier_email": "",
    "date_received": "2025-07-16",
    "expiry_date": null,
    "number_of_containers": 1,
    "quantity_per_container": 1.0,
    "unit": "",
    "storage_condition": "",
    "safety_data_sheet": "",
    "certificate_of_analysis": "",
    "low_stock_threshold": 2
  }
},
{
  "model": "lims.reagent",
  "pk": 50,
  "fields": {
    "name": "L-ASCORBIC ACID",
    "batch_number": "",
    "manufacturer": "",
    "supplier_name": "",
    "supplier_contact": "",
    "supplier_email": "",
    "date_received": "2025-07-16",
    "expiry_date": null,
    "number_of_containers": 2,
    "quantity_per_container": 1.0,
    "unit": "",
    "storage_condition": "",
    "safety_data_sheet": "",
    "certificate_of_analysis": "",
    "low_stock_threshold": 2
  }
},
{
  "model": "lims.reagent",
  "pk": 51,
  "fields": {
    "name": "L-ASPARTIC",
    "batch_number": "",
    "manufacturer": "",
    "supplier_name": "",
    "supplier_contact": "",
    "supplier_email": "",
    "date_received": "2025-07-16",
    "expiry_date": null,
    "number_of_containers": 1,
    "quantity_per_container": 1.0,
    "unit": "",
    "storage_condition": "",
    "safety_data_sheet": "",
    "certificate_of_analysis": "",
    "low_stock_threshold": 2
  }
},
{
  "model": "lims.reagent",
  "pk": 52,
  "fields": {
    "name": "LEUCINE",
    "batch_number": "",
    "manufacturer": "",
    "supplier_name": "",
    "supplier_contact": "",
    "supplier_email": "",
    "date_received": "2025-07-16",
    "expiry_date": null,
    "number_of_containers": 1,
    "quantity_per_container": 1.0,
    "unit": "",
    "storage_condition": "",
    "safety_data_sheet": "",
    "certificate_of_analysis": "",
    "low_stock_threshold": 2
  }
},
{
  "model": "lims.reagent",
  "pk": 53,
  "fields": {
    "name": "L-ISOLEUCINE",
    "batch_number": "",
    "manufacturer": "",
    "supplier_name": "",
    "supplier_contact": "",
    "supplier_email": "",
    "date_received": "2025-07-16",
    "expiry_date": null,
    "number_of_containers": 1,
    "quantity_per_container": 1.0,
    "unit": "",
    "storage_condition": "",
    "safety_data_sheet": "",
    "certificate_of_analysis": "",
    "low_stock_threshold": 2
  }
},
{
  "model": "lims.reagent",
  "pk": 54,
  "fields": {
    "name": "L-PROLINE",
    "batch_number": "",
    "manufacturer": "",
    "supplier_name": "",
    "supplier_contact": "",
    "supplier_email": "",
    "date_received": "2025-07-16",
    "expiry_date": null,
    "number_of_containers": 1,
    "quantity_per_container": 1.0,
    "unit": "",
    "storage_condition": "",
    "safety_data_sheet": "",
    "certificate_of_analysis": "",
    "low_stock_threshold": 2
  }
},
{
  "model": "lims.reagent",
  "pk": 55,
  "fields": {
    "name": "LYSINE MONOCHLORIDE",
    "batch_number": "",
    "manufacturer": "",
    "supplier_name": "",
    "supplier_contact": "",
    "supplier_email": "",
    "date_received": "2025-07-16",
    "expiry_date": null,
    "number_of_containers": 1,
    "quantity_per_container": 1.0,
    "unit": "",
    "storage_condition": "",
    "safety_data_sheet": "",
    "certificate_of_analysis": "",
    "low_stock_threshold": 2
  }
},
{
  "model": "lims.reagent",
  "pk": 56,
  "fields": {
    "name": "MAGNESIUM CHLORIDE",
    "batch_number": "",
    "manufacturer": "",
    "supplier_name": "",
    "supplier_contact": "",
    "supplier_email": "",
    "date_received": "2025-07-16",
    "expiry_date": null,
    "number_of_containers": 0,
    "quantity_per_container": 1.0,
    "unit": "",
    "storage_condition": "",
    "safety_data_sheet": "",
    "certificate_of_analysis": "",
    "low_stock_threshold": 2
  }
},
{
  "model": "lims.reagent",
  "pk": 57,
  "fields": {
    "name": "METHANOL",
    "batch_number": "",
    "manufacturer": "",
    "supplier_name": "",
    "supplier_contact": "",
    "supplier_email": "",
    "date_received": "2025-07-16",
    "expiry_date": null,
    "number_of_containers": 2,
    "quantity_per_container": 1.0,
    "unit": "",
    "storage_condition": "",
    "safety_data_sheet": "",
    "certificate_of_analysis": "",
    "low_stock_threshold": 2
  }
},
{
  "model": "lims.reagent",
  "pk": 58,
  "fields": {
    "name": "METHIONINE",
    "batch_number": "",
    "manufacturer": "",
    "supplier_name": "",
    "supplier_contact": "",
    "supplier_email": "",
    "date_received": "2025-07-16",
    "expiry_date": null,
    "number_of_containers": 1,
    "quantity_per_container": 1.0,
    "unit": "",
    "storage_condition": "",
    "safety_data_sheet": "",
    "certificate_of_analysis": "",
    "low_stock_threshold": 2
  }
},
{
  "model": "lims.reagent",
  "pk": 59,
  "fields": {
    "name": "NINHYDRIN",
    "batch_number": "",
    "manufacturer": "",
    "supplier_name": "",
    "supplier_contact": "",
    "supplier_email": "",
    "date_received": "2025-07-16",
    "expiry_date": null,
    "number_of_containers": 1,
    "quantity_per_container": 1.0,
    "unit": "",
    "storage_condition": "",
    "safety_data_sheet": "",
    "certificate_of_analysis": "",
    "low_stock_threshold": 2
  }
},
{
  "model": "lims.reagent",
  "pk": 60,
  "fields": {
    "name": "NITRIC ACID 2.5L",
    "batch_number": "",
    "manufacturer": "",
    "supplier_name": "",
    "supplier_contact": "",
    "supplier_email": "",
    "date_received": "2025-07-16",
    "expiry_date": null,
    "number_of_containers": 3,
    "quantity_per_container": 1.0,
    "unit": "",
    "storage_condition": "",
    "safety_data_sheet": "",
    "certificate_of_analysis": "",
    "low_stock_threshold": 2
  }
},
{
  "model": "lims.reagent",
  "pk": 61,
  "fields": {
    "name": "N-OCTANOL",
    "batch_number": "",
    "manufacturer": "",
    "supplier_name": "",
    "supplier_contact": "",
    "supplier_email": "",
    "date_received": "2025-07-16",
    "expiry_date": null,
    "number_of_containers": 1,
    "quantity_per_container": 1.0,
    "unit": "",
    "storage_condition": "",
    "safety_data_sheet": "",
    "certificate_of_analysis": "",
    "low_stock_threshold": 2
  }
},
{
  "model": "lims.reagent",
  "pk": 62,
  "fields": {
    "name": "PEPSIN",
    "batch_number": "",
    "manufacturer": "",
    "supplier_name": "",
    "supplier_contact": "",
    "supplier_email": "",
    "date_received": "2025-07-16",
    "expiry_date": null,
    "number_of_containers": 0,
    "quantity_per_container": 1.0,
    "unit": "",
    "storage_condition": "",
    "safety_data_sheet": "",
    "certificate_of_analysis": "",
    "low_stock_threshold": 2
  }
},
{
  "model": "lims.reagent",
  "pk": 63,
  "fields": {
    "name": "PETROLEUM SPIRIT 2.5L",
    "batch_number": "",
    "manufacturer": "",
    "supplier_name": "",
    "supplier_contact": "",
    "supplier_email": "",
    "date_received": "2025-07-16",
    "expiry_date": null,
    "number_of_containers": 6,
    "quantity_per_container": 1.0,
    "unit": "",
    "storage_condition": "",
    "safety_data_sheet": "",
    "certificate_of_analysis": "",
    "low_stock_threshold": 2
  }
},
{
  "model": "lims.reagent",
  "pk": 64,
  "fields": {
    "name": "PHENANTHROLINE",
    "batch_number": "",
    "manufacturer": "",
    "supplier_name": "",
    "supplier_contact": "",
    "supplier_email": "",
    "date_received": "2025-07-16",
    "expiry_date": null,
    "number_of_containers": 0,
    "quantity_per_container": 1.0,
    "unit": "",
    "storage_condition": "",
    "safety_data_sheet": "",
    "certificate_of_analysis": "",
    "low_stock_threshold": 2
  }
},
{
  "model": "lims.reagent",
  "pk": 65,
  "fields": {
    "name": "PHENOLPHETALEIN (20g)",
    "batch_number": "",
    "manufacturer": "",
    "supplier_name": "",
    "supplier_contact": "",
    "supplier_email": "",
    "date_received": "2025-07-16",
    "expiry_date": null,
    "number_of_containers": 1,
    "quantity_per_container": 1.0,
    "unit": "",
    "storage_condition": "",
    "safety_data_sheet": "",
    "certificate_of_analysis": "",
    "low_stock_threshold": 2
  }
},
{
  "model": "lims.reagent",
  "pk": 66,
  "fields": {
    "name": "POLYVINYLPYRROLIDONE",
    "batch_number": "",
    "manufacturer": "",
    "supplier_name": "",
    "supplier_contact": "",
    "supplier_email": "",
    "date_received": "2025-07-16",
    "expiry_date": null,
    "number_of_containers": 1,
    "quantity_per_container": 1.0,
    "unit": "",
    "storage_condition": "",
    "safety_data_sheet": "",
    "certificate_of_analysis": "",
    "low_stock_threshold": 2
  }
},
{
  "model": "lims.reagent",
  "pk": 67,
  "fields": {
    "name": "POTASSIUM DIHYDROGEN PHOSPHATE",
    "batch_number": "",
    "manufacturer": "",
    "supplier_name": "",
    "supplier_contact": "",
    "supplier_email": "",
    "date_received": "2025-07-16",
    "expiry_date": null,
    "number_of_containers": 0,
    "quantity_per_container": 1.0,
    "unit": "",
    "storage_condition": "",
    "safety_data_sheet": "",
    "certificate_of_analysis": "",
    "low_stock_threshold": 2
  }
},
{
  "model": "lims.reagent",
  "pk": 68,
  "fields": {
    "name": "POTASSIUM HYDROXIDE",
    "batch_number": "",
    "manufacturer": "",
    "supplier_name": "",
    "supplier_contact": "",
    "supplier_email": "",
    "date_received": "2025-07-16",
    "expiry_date": null,
    "number_of_containers": 1,
    "quantity_per_container": 1.0,
    "unit": "",
    "storage_condition": "",
    "safety_data_sheet": "",
    "certificate_of_analysis": "",
    "low_stock_threshold": 2
  }
},
{
  "model": "lims.reagent",
  "pk": 69,
  "fields": {
    "name": "POTASSIUM SODIUM TARTRATE (500g)",
    "batch_number": "",
    "manufacturer": "",
    "supplier_name": "",
    "supplier_contact": "",
    "supplier_email": "",
    "date_received": "2025-07-16",
    "expiry_date": null,
    "number_of_containers": 0,
    "quantity_per_container": 1.0,
    "unit": "",
    "storage_condition": "",
    "safety_data_sheet": "",
    "certificate_of_analysis": "",
    "low_stock_threshold": 2
  }
},
{
  "model": "lims.reagent",
  "pk": 70,
  "fields": {
    "name": "POTTASIUM IODATE",
    "batch_number": "",
    "manufacturer": "",
    "supplier_name": "",
    "supplier_contact": "",
    "supplier_email": "",
    "date_received": "2025-07-16",
    "expiry_date": null,
    "number_of_containers": 0,
    "quantity_per_container": 1.0,
    "unit": "",
    "storage_condition": "",
    "safety_data_sheet": "",
    "certificate_of_analysis": "",
    "low_stock_threshold": 2
  }
},
{
  "model": "lims.reagent",
  "pk": 71,
  "fields": {
    "name": "RETINYL PALMITATE (VITAMIN A)",
    "batch_number": "",
    "manufacturer": "",
    "supplier_name": "",
    "supplier_contact": "",
    "supplier_email": "",
    "date_received": "2025-07-16",
    "expiry_date": null,
    "number_of_containers": 0,
    "quantity_per_container": 1.0,
    "unit": "",
    "storage_condition": "",
    "safety_data_sheet": "",
    "certificate_of_analysis": "",
    "low_stock_threshold": 2
  }
},
{
  "model": "lims.reagent",
  "pk": 72,
  "fields": {
    "name": "SAPONIN STANDARD",
    "batch_number": "",
    "manufacturer": "",
    "supplier_name": "",
    "supplier_contact": "",
    "supplier_email": "",
    "date_received": "2025-07-16",
    "expiry_date": null,
    "number_of_containers": 0,
    "quantity_per_container": 1.0,
    "unit": "",
    "storage_condition": "",
    "safety_data_sheet": "",
    "certificate_of_analysis": "",
    "low_stock_threshold": 2
  }
},
{
  "model": "lims.reagent",
  "pk": 73,
  "fields": {
    "name": "SERIN",
    "batch_number": "",
    "manufacturer": "",
    "supplier_name": "",
    "supplier_contact": "",
    "supplier_email": "",
    "date_received": "2025-07-16",
    "expiry_date": null,
    "number_of_containers": 0,
    "quantity_per_container": 1.0,
    "unit": "",
    "storage_condition": "",
    "safety_data_sheet": "",
    "certificate_of_analysis": "",
    "low_stock_threshold": 2
  }
},
{
  "model": "lims.reagent",
  "pk": 74,
  "fields": {
    "name": "SILICA GEL",
    "batch_number": "",
    "manufacturer": "",
    "supplier_name": "",
    "supplier_contact": "",
    "supplier_email": "",
    "date_received": "2025-07-16",
    "expiry_date": null,
    "number_of_containers": 2,
    "quantity_per_container": 1.0,
    "unit": "",
    "storage_condition": "",
    "safety_data_sheet": "",
    "certificate_of_analysis": "",
    "low_stock_threshold": 2
  }
},
{
  "model": "lims.reagent",
  "pk": 75,
  "fields": {
    "name": "SILVER NITRATE",
    "batch_number": "",
    "manufacturer": "",
    "supplier_name": "",
    "supplier_contact": "",
    "supplier_email": "",
    "date_received": "2025-07-16",
    "expiry_date": null,
    "number_of_containers": 0,
    "quantity_per_container": 1.0,
    "unit": "",
    "storage_condition": "",
    "safety_data_sheet": "",
    "certificate_of_analysis": "",
    "low_stock_threshold": 2
  }
},
{
  "model": "lims.reagent",
  "pk": 76,
  "fields": {
    "name": "SODIUM CHLORIDE",
    "batch_number": "",
    "manufacturer": "",
    "supplier_name": "",
    "supplier_contact": "",
    "supplier_email": "",
    "date_received": "2025-07-16",
    "expiry_date": null,
    "number_of_containers": 2,
    "quantity_per_container": 1.0,
    "unit": "",
    "storage_condition": "",
    "safety_data_sheet": "",
    "certificate_of_analysis": "",
    "low_stock_threshold": 2
  }
},
{
  "model": "lims.reagent",
  "pk": 77,
  "fields": {
    "name": "SODIUM DIHYDROGEN PHOSPHATE",
    "batch_number": "",
    "manufacturer": "",
    "supplier_name": "",
    "supplier_contact": "",
    "supplier_email": "",
    "date_received": "2025-07-16",
    "expiry_date": null,
    "number_of_containers": 1,
    "quantity_per_container": 1.0,
    "unit": "",
    "storage_condition": "",
    "safety_data_sheet": "",
    "certificate_of_analysis": "",
    "low_stock_threshold": 2
  }
},
{
  "model": "lims.reagent",
  "pk": 78,
  "fields": {
    "name": "SODIUM HYDROXIDE 500g",
    "batch_number": "",
    "manufacturer": "",
    "supplier_name": "",
    "supplier_contact": "",
    "supplier_email": "",
    "date_received": "2025-07-16",
    "expiry_date": null,
    "number_of_containers": 4,
    "quantity_per_container": 1.0,
    "unit": "",
    "storage_condition": "",
    "safety_data_sheet": "",
    "certificate_of_analysis": "",
    "low_stock_threshold": 2
  }
},
{
  "model": "lims.reagent",
  "pk": 79,
  "fields": {
    "name": "SODIUM LAURYL SULPHATE",
    "batch_number": "",
    "manufacturer": "",
    "supplier_name": "",
    "supplier_contact": "",
    "supplier_email": "",
    "date_received": "2025-07-16",
    "expiry_date": null,
    "number_of_containers": 1,
    "quantity_per_container": 1.0,
    "unit": "",
    "storage_condition": "",
    "safety_data_sheet": "",
    "certificate_of_analysis": "",
    "low_stock_threshold": 2
  }
},
{
  "model": "lims.reagent",
  "pk": 80,
  "fields": {
    "name": "SULPHOSALICYLIC ACID",
    "batch_number": "",
    "manufacturer": "",
    "supplier_name": "",
    "supplier_contact": "",
    "supplier_email": "",
    "date_received": "2025-07-16",
    "expiry_date": null,
    "number_of_containers": 1,
    "quantity_per_container": 1.0,
    "unit": "",
    "storage_condition": "",
    "safety_data_sheet": "",
    "certificate_of_analysis": "",
    "low_stock_threshold": 2
  }
},
{
  "model": "lims.reagent",
  "pk": 81,
  "fields": {
    "name": "SULPHURIC ACID 2.5L",
    "batch_number": "",
    "manufacturer": "",
    "supplier_name": "",
    "supplier_contact": "",
    "supplier_email": "",
    "date_received": "2025-07-16",
    "expiry_date": null,
    "number_of_containers": 3,
    "quantity_per_container": 1.0,
    "unit": "",
    "storage_condition": "",
    "safety_data_sheet": "",
    "certificate_of_analysis": "",
    "low_stock_threshold": 2
  }
},
{
  "model": "lims.reagent",
  "pk": 82,
  "fields": {
    "name": "TANNIC ACID",
    "batch_number": "",
    "manufacturer": "",
    "supplier_name": "",
    "supplier_contact": "",
    "supplier_email": "",
    "date_received": "2025-07-16",
    "expiry_date": null,
    "number_of_containers": 0,
    "quantity_per_container": 1.0,
    "unit": "",
    "storage_condition": "",
    "safety_data_sheet": "",
    "certificate_of_analysis": "",
    "low_stock_threshold": 2
  }
},
{
  "model": "lims.reagent",
  "pk": 83,
  "fields": {
    "name": "THERMAMYL ALFA AMYLASE",
    "batch_number": "",
    "manufacturer": "",
    "supplier_name": "",
    "supplier_contact": "",
    "supplier_email": "",
    "date_received": "2025-07-16",
    "expiry_date": null,
    "number_of_containers": 0,
    "quantity_per_container": 1.0,
    "unit": "",
    "storage_condition": "",
    "safety_data_sheet": "",
    "certificate_of_analysis": "",
    "low_stock_threshold": 2
  }
},
{
  "model": "lims.reagent",
  "pk": 84,
  "fields": {
    "name": "THREONINE",
    "batch_number": "",
    "manufacturer": "",
    "supplier_name": "",
    "supplier_contact": "",
    "supplier_email": "",
    "date_received": "2025-07-16",
    "expiry_date": null,
    "number_of_containers": 1,
    "quantity_per_container": 1.0,
    "unit": "",
    "storage_condition": "",
    "safety_data_sheet": "",
    "certificate_of_analysis": "",
    "low_stock_threshold": 2
  }
},
{
  "model": "lims.reagent",
  "pk": 85,
  "fields": {
    "name": "TRIMETHYL AMMONIUM BROMIDE",
    "batch_number": "",
    "manufacturer": "",
    "supplier_name": "",
    "supplier_contact": "",
    "supplier_email": "",
    "date_received": "2025-07-16",
    "expiry_date": null,
    "number_of_containers": 0,
    "quantity_per_container": 1.0,
    "unit": "",
    "storage_condition": "",
    "safety_data_sheet": "",
    "certificate_of_analysis": "",
    "low_stock_threshold": 2
  }
},
{
  "model": "lims.reagent",
  "pk": 86,
  "fields": {
    "name": "TRYPTOPHAN",
    "batch_number": "",
    "manufacturer": "",
    "supplier_name": "",
    "supplier_contact": "",
    "supplier_email": "",
    "date_received": "2025-07-16",
    "expiry_date": null,
    "number_of_containers": 0,
    "quantity_per_container": 1.0,
    "unit": "",
    "storage_condition": "",
    "safety_data_sheet": "",
    "certificate_of_analysis": "",
    "low_stock_threshold": 2
  }
},
{
  "model": "lims.reagent",
  "pk": 87,
  "fields": {
    "name": "TYROSINE",
    "batch_number": "",
    "manufacturer": "",
    "supplier_name": "",
    "supplier_contact": "",
    "supplier_email": "",
    "date_received": "2025-07-16",
    "expiry_date": null,
    "number_of_containers": 1,
    "quantity_per_container": 1.0,
    "unit": "",
    "storage_condition": "",
    "safety_data_sheet": "",
    "certificate_of_analysis": "",
    "low_stock_threshold": 2
  }
},
{
  "model": "lims.reagent",
  "pk": 88,
  "fields": {
    "name": "VALINE",
    "batch_number": "",
    "manufacturer": "",
    "supplier_name": "",
    "supplier_contact": "",
    "supplier_email": "",
    "date_received": "2025-07-16",
    "expiry_date": null,
    "number_of_containers": 1,
    "quantity_per_container": 1.0,
    "unit": "",
    "storage_condition": "",
    "safety_data_sheet": "",
    "certificate_of_analysis": "",
    "low_stock_threshold": 2
  }
},
{
  "model": "lims.reagent",
  "pk": 89,
  "fields": {
    "name": "VANILLINE REAGENT",
    "batch_number": "",
    "manufacturer": "",
    "supplier_name": "",
    "supplier_contact": "",
    "supplier_email": "",
    "date_received": "2025-07-16",
    "expiry_date": null,
    "number_of_containers": 0,
    "quantity_per_container": 1.0,
    "unit": "",
    "storage_condition": "",
    "safety_data_sheet": "",
    "certificate_of_analysis": "",
    "low_stock_threshold": 2
  }
},
{
  "model": "lims.reagentusage",
  "pk": 1,
  "fields": {
    "reagent": 1,
    "analyst": 5,
    "quantity_used": 1,
    "date_used": "2025-07-17T10:26:46.185Z",
    "purpose": ""
  }
},
{
  "model": "lims.labaihistory",
  "pk": 1,
  "fields": {
    "user": 2,
    "question": "do you know thw number of samples we received last week in this lims",
    "answer": "I do not have access to real-time data, including LIMS (Laboratory Information Management System) information on sample numbers.  To find the number of samples received last week, please check the LIMS database directly.  If you are having trouble accessing the LIMS or require assistance with LIMS queries, please contact the IT support team or your supervisor.",
    "timestamp": "2025-07-23T21:19:56.996Z"
  }
},
{
  "model": "lims.labaihistory",
  "pk": 2,
  "fields": {
    "user": 4,
    "question": "how many samples in this system",
    "answer": "There are 12 samples currently in the system.",
    "timestamp": "2025-07-24T10:33:29.701Z"
  }
},
{
  "model": "lims.labaihistory",
  "pk": 3,
  "fields": {
    "user": 4,
    "question": "hello",
    "answer": "Hello! How can I assist you today? Are you working on sample registration, report generation, or perhaps need help with tracking a client's request?",
    "timestamp": "2025-07-24T10:44:35.331Z"
  }
},
{
  "model": "lims.labaihistory",
  "pk": 4,
  "fields": {
    "user": 4,
    "question": "how many samples are in the lims",
    "answer": "As a Lab Assistant, I don't have direct access to the LIMS to provide a real-time count of samples.\n\nTo determine the number of samples currently in the LIMS, please follow these steps:\n\n1.  **Log in to the LIMS.**\n2.  **Navigate to the \"Sample Management\" or \"Sample Log\" module.**\n3.  **Use the search or filter functions** within the LIMS to specify your criteria. You can usually filter by:\n    *   Date range (e.g., samples received today, this week, or in a specific month)\n    *   Sample status (e.g., \"received,\" \"in progress,\" \"awaiting testing,\" \"completed\")\n    *   Client or project.\n4.  The system should then display a list of samples matching your criteria, and often, a total count will be shown at the top or bottom of the results.\n\nThe LIMS is designed for accurate sample tracking and recordkeeping, and it's the authoritative source for this information.\n\nIf you encounter any difficulty accessing or navigating the LIMS, please reach out to the Lab Manager or the individual responsible for LIMS administration for assistance.",
    "timestamp": "2025-07-24T10:44:54.671Z"
  }
},
{
  "model": "lims.labaihistory",
  "pk": 5,
  "fields": {
    "user": 4,
    "question": "thank you",
    "answer": "You're welcome! How can I assist you today, Lab Clerk? Are you working on sample registration, data entry, report generation, or perhaps client communications? Let me know how I can help.",
    "timestamp": "2025-07-24T10:46:00.251Z"
  }
},
{
  "model": "lims.labaihistory",
  "pk": 6,
  "fields": {
    "user": 4,
    "question": "can you access some of my lab data",
    "answer": "As a lab assistant AI, I do not have direct access to JaaGee Lab's confidential client data or internal lab records. My purpose is to provide information, guidance, and support based on our lab's procedures and policies.\n\nFor accessing or managing lab data, please use our authorized systems and follow established protocols:\n\n1.  **Laboratory Information Management System (LIMS):** This is our primary system for sample tracking, data entry, test results, and report generation. Please log in with your credentials to access sample data and client information.\n2.  **Shared Network Drives:** For specific documents, raw data, or report drafts, please refer to the designated folders on our secure network drive, following the lab's file naming and storage conventions.\n3.  **Physical Records:** For any original signed documents, calibration logs, or specific historical records, please consult the secure physical archives.\n\n**How I can help you related to lab data:**\n\n*   **Guidance on data entry procedures:** I can explain the steps for entering results into the LIMS.\n*   **Understanding data fields:** If you're unsure what information goes into a specific field, I can clarify.\n*   **Report generation steps:** I can walk you through the process of generating reports from the LIMS.\n*   **Record-keeping best practices:** I can provide information on how to maintain accurate and compliant records.\n*   **Troubleshooting common data-related issues:** For example, how to track a sample's status or find a specific report.\n\nIf you are encountering an issue with accessing a specific system or require credentials, please contact the Lab Manager or IT Support.",
    "timestamp": "2025-07-24T10:48:58.421Z"
  }
},
{
  "model": "lims.labaihistory",
  "pk": 7,
  "fields": {
    "user": 4,
    "question": "how many sample in the system",
    "answer": "To determine the current number of samples in the system, please log into our Laboratory Information Management System (LIMS) or our designated sample tracking software.\n\nFrom there, you can typically:\n\n1.  Navigate to the \"Pending Samples,\" \"Active Samples,\" or \"Samples In Progress\" section.\n2.  The system should display a count or a list that you can filter to see the total number of samples currently being processed or awaiting analysis.\n\nThis method ensures you always have the most up-to-date information for your data entry and tracking tasks.",
    "timestamp": "2025-07-24T10:49:20.201Z"
  }
},
{
  "model": "lims.labaihistory",
  "pk": 8,
  "fields": {
    "user": 4,
    "question": "hello",
    "answer": "Hello! How can I assist you today?",
    "timestamp": "2025-07-24T11:11:36.411Z"
  }
},
{
  "model": "lims.labaihistory",
  "pk": 9,
  "fields": {
    "user": 4,
    "question": "do you know the current user",
    "answer": "Yes, the current user is identified as a Lab Clerk.  My responses will be tailored to assist with tasks related to data entry, sample tracking, client communication, report generation, and lab record-keeping practices within JaaGee Lab's context.",
    "timestamp": "2025-07-24T11:11:47.942Z"
  }
},
{
  "model": "lims.labaihistory",
  "pk": 10,
  "fields": {
    "user": 1,
    "question": "hello",
    "answer": "Hello! Welcome to JaaGee Lab. How may I assist you today? Are you looking for information on a specific test, a method, or anything else regarding our lab operations?",
    "timestamp": "2025-07-24T22:25:33.364Z"
  }
},
{
  "model": "lims.labaihistory",
  "pk": 11,
  "fields": {
    "user": 2,
    "question": "hello",
    "answer": "Hello! Welcome to JaaGee Lab. How can I assist you today with your lab work or any questions you might have?",
    "timestamp": "2025-07-25T10:05:06.212Z"
  }
},
{
  "model": "lims.labaihistory",
  "pk": 12,
  "fields": {
    "user": 3,
    "question": "hello",
    "answer": "Hello! Welcome to JaaGee Lab's support. I'm your lab assistant, here to assist with any queries regarding our food and feed testing services, lab operations, or compliance.\n\nAs a Lab Manager, you might be interested in strategic insights on productivity tracking, QC analytics, task delegation, compliance monitoring, or audit readiness.\n\nHow can I assist you today? Please feel free to ask any questions.",
    "timestamp": "2025-07-28T20:04:44.145Z"
  }
},
{
  "model": "lims.labaihistory",
  "pk": 13,
  "fields": {
    "user": 3,
    "question": "how many samples in the system",
    "answer": "As a lab assistant, I do not have direct, real-time access to the Laboratory Information Management System (LIMS) to provide an exact, current count of samples in the system.\n\nTo ascertain the precise number of samples currently in the system, you should:\n\n1.  **Access the LIMS:** The LIMS is the most accurate source for real-time sample status. You can query samples by:\n    *   Samples logged in but not yet assigned.\n    *   Samples currently in progress (assigned to analysts).\n    *   Samples awaiting approval or reporting.\n    *   Samples completed but not yet archived.\n2.  **Consult Sample Reception Log:** For physical sample counts received today or this week, the sample reception log (manual or electronic) can provide this data.\n\n**Strategic Insights for Lab Managers (Regarding Sample Volume):**\n\nUnderstanding your sample volume is critical for:\n\n*   **Productivity Tracking:** Daily/weekly sample intake directly impacts resource allocation (analysts, equipment, reagents). Monitor trends to forecast workload and identify bottlenecks.\n*   **Capacity Planning:** Compare current sample load against the lab's maximum capacity for each test type (e.g., Aflatoxin, Proximate Analysis). This informs decisions on equipment procurement, staffing, and outsourcing.\n*   **Turnaround Time (TAT) Management:** High sample volume without adequate resources can extend TAT. Use LIMS data to monitor average TAT per test and per sample batch. If TATs are consistently exceeding policy, it indicates a need for process optimization or increased capacity.\n*   **QC Analytics:** Sample volume influences the frequency and type of QC samples required. Ensure your QC plan scales with sample intake to maintain data integrity and compliance.\n*   **Compliance Monitoring (ISO 17025):** Accurate sample tracking in the LIMS is a fundamental requirement for ISO 17025. Ensure every sample has a unique identifier, clear chain of custody, and a complete record of its testing journey. Regular audits of LIMS data entry and sample handling procedures are recommended.\n*   **Audit Readiness:** During an ISO 17025 audit, auditors will often ask about sample management processes, LIMS data integrity, and how the lab handles fluctuating sample volumes while maintaining quality. Be prepared to present data on sample throughput, TATs, and resource allocation.\n*   **Reagent and Consumable Tracking:** Projecting future sample loads allows for proactive ordering of reagents and consumables, preventing stockouts and ensuring uninterrupted operations.\n\nI recommend running a daily or weekly report from your LIMS that details current sample status and backlog to provide you with the most actionable data.",
    "timestamp": "2025-07-28T20:39:31.915Z"
  }
},
{
  "model": "lims.labaihistory",
  "pk": 14,
  "fields": {
    "user": 3,
    "question": "How many samples received this week?",
    "answer": "We have received **0 samples** this week.\n\nThis period of low sample intake presents an excellent opportunity to focus on critical lab maintenance, compliance, and training activities. As a Lab Manager, you can leverage this time for:\n\n1.  **Productivity Tracking & Task Delegation:**\n    *   **Cross-training:** Assign analysts to cross-train on different methodologies (e.g., Aflatoxin, Proximate components) or equipment they are less familiar with.\n    *   **SOP Review & Update:** Schedule time for analysts to review current Standard Operating Procedures (SOPs), provide feedback, and update documentation as needed.\n    *   **Inventory Management:** Conduct a thorough inventory check of reagents, consumables, and spare parts. Identify items nearing expiry or low stock levels and initiate procurement.\n\n2.  **QC Analytics & Equipment Maintenance:**\n    *   **Preventive Maintenance:** Prioritize scheduled preventive maintenance for all equipment, especially high-use instruments like the Neogen AccuScan, analytical balances, and ovens.\n    *   **Calibration Checks:** Perform internal calibration checks on all relevant equipment (e.g., pipettes, thermometers, weights) as per your calibration schedule, even if not tied to sample analysis.\n    *   **Reagent Verification:** Prepare and verify new batches of reagents, ensuring their quality and shelf-life, and update reagent tracking logs.\n\n3.  **Compliance Monitoring & Audit Readiness:**\n    *   **Internal Audits:** Conduct internal audits of specific processes or sections of the lab (e.g., sample reception, raw data management, waste disposal) to identify any non-conformities before an external audit.\n    *   **Document Review:** Review quality manuals, method validation reports, and training records to ensure they are up-to-date and complete.\n    *   **Staff Training & Competency:** Organize refresher training on safety protocols, data integrity, and specific analytical techniques. Conduct competency assessments if due.\n    *   **Housekeeping:** Ensure the lab is meticulously organized and clean, which is a key aspect of a well-managed ISO 17025 compliant facility.\n\nUtilizing this time effectively will enhance the lab's operational efficiency, maintain high standards of quality, and reinforce our readiness for upcoming audits.",
    "timestamp": "2025-07-28T20:41:14.105Z"
  }
},
{
  "model": "lims.labaihistory",
  "pk": 15,
  "fields": {
    "user": 3,
    "question": "How many samples received this month?",
    "answer": "Based on your statement, you have received **19 samples** this month.\n\nPlease ensure this information is accurately logged in the Sample Management System for traceability and turnaround time tracking.",
    "timestamp": "2025-07-28T20:41:32.515Z"
  }
},
{
  "model": "lims.labaihistory",
  "pk": 16,
  "fields": {
    "user": 3,
    "question": "how much have we made this month",
    "answer": "Based on current records, the total revenue for this month is **0.00**.\n\nAs a Lab Manager, you may want to review:\n*   The status of ongoing projects and outstanding invoices.\n*   The sales pipeline and new sample submissions.\n*   Any bottlenecks in sample processing or report generation that might be delaying revenue recognition.\n\nIf you require further financial analysis or details on revenue generation, please consult with the finance department or the General Manager.",
    "timestamp": "2025-07-28T20:44:52.187Z"
  }
},
{
  "model": "lims.labaihistory",
  "pk": 17,
  "fields": {
    "user": 3,
    "question": "gross income this month",
    "answer": "As a lab assistant, I do not have access to the lab's financial records or accounting systems to calculate gross income. My expertise is focused on laboratory operations, testing methodologies, quality control, and compliance.\n\nTo obtain the gross income for this month, please refer to the lab's financial reports, accounting software, or consult with the finance department or lead accountant responsible for JaaGee Lab's financial management.",
    "timestamp": "2025-07-28T20:45:23.515Z"
  }
},
{
  "model": "lims.labaihistory",
  "pk": 18,
  "fields": {
    "user": 3,
    "question": "revenue this month",
    "answer": "Total revenue for this month is **0.00**.\n\nThis figure indicates a critical situation requiring immediate attention. As a Lab Manager, this necessitates a strategic review of our operations and client engagement. I recommend the following steps:\n\n1.  **Review Sample Inflow and LIMS Data:**\n    *   Thoroughly examine our sample submission logs and Laboratory Information Management System (LIMS) data. Confirm if any samples have been received but not yet processed, invoiced, or accurately recorded.\n    *   Identify if there has been a significant drop in sample submissions or new client registrations.\n\n2.  **Assess Operational Readiness:**\n    *   While we address the revenue gap, ensure the lab is fully prepared to handle an increase in sample volume. Verify that:\n        *   All essential equipment (e.g., Neogen AccuScan, analytical balances, furnaces) is calibrated and fully operational.\n        *   Reagent stocks are adequate for all standard tests (Proximate analysis, Aflatoxin, Gross Energy).\n        *   Staffing levels are appropriate, and all analysts are up-to-date with their training and competency assessments.\n    *   Proactive maintenance and calibration, aligning with our ISO 17025 compliance, are crucial to ensure minimal downtime when samples do arrive.\n\n3.  **Collaborate with Client Relations/Sales:**\n    *   Engage with the team responsible for client acquisition and retention. Understand if there are specific market challenges, client feedback, or competitive pressures affecting sample submission.\n    *   Discuss potential outreach strategies or new service offerings that could stimulate demand.\n\n4.  **Analyze Turnaround Time (TAT) and Service Quality:**\n    *   Even with low volume, review our internal processes for efficiency. Are our documented TATs competitive?\n    *   Identify and eliminate any potential bottlenecks in sample reception, preparation, analysis, or reporting that might be deterring clients, even if historical. This falls under productivity tracking.\n\n5.  **Strategic Planning:**\n    *   This situation warrants a comprehensive review of our business development strategies and market positioning. Consider what changes are needed to attract more clients and ensure sustainable revenue generation for JaaGee Lab.",
    "timestamp": "2025-07-28T20:45:43.235Z"
  }
},
{
  "model": "lims.labaihistory",
  "pk": 19,
  "fields": {
    "user": 3,
    "question": "total revenue this month",
    "answer": "The estimated total revenue for this month is **296,000.00**.\n\nTo track actual revenue and compare against estimates, ensure all completed tests are invoiced promptly and payments are recorded accurately in our financial system. This data is crucial for:\n*   **Budgeting and Forecasting:** Adjusting future operational plans.\n*   **Performance Monitoring:** Assessing sales team efficiency and market demand.\n*   **Profitability Analysis:** Understanding the financial health of our services.\n\nRegular reconciliation of estimated vs. actual revenue will provide valuable insights for strategic decision-making.",
    "timestamp": "2025-07-28T20:53:06.437Z"
  }
},
{
  "model": "lims.labaihistory",
  "pk": 20,
  "fields": {
    "user": 3,
    "question": "group revenue by category",
    "answer": "As a Lab Assistant, my primary focus is on the operational aspects of food and feed testing, including sample analysis, equipment management, and quality control. I do not have direct access to financial data such as revenue figures.\n\nHowever, I can provide strategic insights on how operational data from the lab can be utilized to **inform revenue analysis by category**. To group revenue effectively, you would typically need data from your financial system, cross-referenced with your Laboratory Information Management System (LIMS) or sample tracking records.\n\nHere's how you can approach this, considering the data points I can help track and provide:\n\n**1. Define \"Category\" for Revenue Analysis:**\n*   **Test Type:** Proximate Analysis, Aflatoxin Test, Gross Energy, Metabolizable Energy.\n*   **Sample Matrix:** Feed (e.g., animal feed, pet food), Food (e.g., ingredients, finished products).\n*   **Client Segment:** (e.g., large corporations, small businesses, research institutions).\n*   **Specific Services:** (e.g., individual tests vs. bundled packages like \"Full Proximate\").\n\n**2. Data Points to Collate (Operational Contribution):**\nFrom the lab's operational perspective, we track:\n*   **Number of Samples Processed per Test Type:** This is crucial. For instance, how many proximate analyses versus aflatoxin tests were performed.\n*   **Turnaround Time (TAT) per Test Category:** Faster TATs on specific tests might indicate higher demand or efficiency, which can influence pricing and client satisfaction.\n*   **Resource Utilization per Test Type:** Tracking the cost of reagents, consumables, and labor hours associated with each test category.\n\n**3. Strategic Steps for the Lab Manager:**\n\n*   **Liaise with Finance/Accounting Department:** They will have the actual revenue figures linked to invoices or sales orders.\n*   **Integrate LIMS Data with Financial Data:**\n    *   Ensure each test conducted (and billed for) in the LIMS has a corresponding unique identifier that can be matched with financial records.\n    *   Tag samples or projects in the LIMS with their respective categories (e.g., \"Proximate Feed,\" \"Aflatoxin Corn\").\n*   **Utilize Productivity Metrics:**\n    *   **Sample Throughput:** Analyze the volume of samples handled for each test category over a period (e.g., monthly, quarterly). This directly correlates with potential revenue.\n    *   **Test Efficiency:** Identify which tests or categories are most resource-efficient or have the highest profit margins based on their associated costs and revenue.\n*   **QC Analytics for Revenue Optimization:**\n    *   High re-run rates or out-of-spec QC samples for a particular test category could indicate issues that impact profitability (e.g., wasted reagents, increased labor time). Address these to improve the bottom line.\n*   **Task Delegation & Data Collection:**\n    *   **Lab Analysts/Technicians:** Ensure accurate logging of sample details, test types, and completion times in the LIMS. This granular data is vital for subsequent analysis.\n    *   **QA Officer:** Can assist in ensuring data integrity and consistency between operational and potential financial reporting metrics, aligning with ISO 17025 principles.\n*   **Reporting:** Once data is integrated, you can generate reports showing:\n    *   Revenue per test type.\n    *   Revenue per sample matrix.\n    *   Contribution margin per test category.\n\nTo proceed with grouping revenue by category, I recommend collaborating with your finance team and leveraging the detailed operational data available in our LIMS. We can provide all necessary operational reports on sample volume, test types performed, and turnaround times to support this analysis.",
    "timestamp": "2025-07-28T20:53:23.050Z"
  }
},
{
  "model": "lims.labaihistory",
  "pk": 21,
  "fields": {
    "user": 3,
    "question": "average revenue per test",
    "answer": "Thank you for providing the average revenue per test for this month, which is **4,774.19**.\n\nAs a Lab Manager, understanding your average revenue per test is a critical Key Performance Indicator (KPI) for several strategic insights:\n\n1.  **Profitability Assessment:** This figure directly contributes to evaluating the profitability of your services. By comparing it against the average cost per test (including labor, reagents, equipment depreciation, and overheads), you can determine the net profit margin for each test performed.\n2.  **Pricing Strategy Review:** It helps in assessing if your current pricing structure is optimal. If the average revenue is lower than expected or declining, it may signal a need to review pricing models, bundle services, or explore premium offerings.\n3.  **Operational Efficiency & Productivity:** Higher revenue per test, especially when coupled with stable or decreasing costs, indicates improved operational efficiency. You can track this trend over time to identify improvements in turnaround times, streamlined workflows, or effective resource utilization.\n4.  **Resource Allocation:** Analyzing this metric across different types of tests (e.g., Proximate analysis vs. Aflatoxin testing, or specific nutritional components) can guide decisions on where to allocate more resources, optimize equipment usage, or invest in new capabilities that yield higher revenue.\n5.  **Market Analysis & Competitiveness:** Benchmarking this against industry averages or competitors (if data is available) provides insight into your competitive position and market share.\n6.  **Budgeting and Forecasting:** Consistent tracking allows for more accurate financial forecasting and budget planning for future lab operations, equipment upgrades, or staff training initiatives.\n\n**Strategic Action Points for a Lab Manager:**\n\n*   **Cost Analysis:** Regularly perform a detailed cost analysis for each test type to identify high-cost areas and opportunities for efficiency improvements (e.g., bulk purchasing of reagents, optimizing equipment maintenance schedules).\n*   **Productivity Tracking:** Link revenue per test to the number of tests completed per analyst per shift. This can highlight training needs or areas for process automation.\n*   **Service Diversification:** Evaluate if diversifying into higher-value tests (e.g., advanced nutritional profiling, specialized contaminant testing) could increase your overall average revenue per test.\n*   **Turnaround Time (TAT) Impact:** Faster TATs often correlate with client satisfaction and can justify premium pricing, indirectly influencing average revenue. Monitor TATs closely to ensure they meet client expectations and internal efficiency goals.\n*   **Documentation & Compliance:** Ensure all revenue streams are properly documented and auditable. Financial performance is a key aspect reviewed during ISO 17025 audits, demonstrating the financial viability and sustainability of the lab's operations.\n\nBy actively monitoring and analyzing this KPI, you can make informed decisions to enhance the lab's financial performance and operational excellence.",
    "timestamp": "2025-07-28T20:53:55.075Z"
  }
},
{
  "model": "lims.labaihistory",
  "pk": 22,
  "fields": {
    "user": 2,
    "question": "how much did we make this month",
    "answer": "As a lab assistant focused on lab operations, test methodologies, quality control, and technical support for food and feed analysis, I do not have access to financial data or revenue information.\n\nPlease direct questions regarding the lab's financial performance to the Lab Manager or the administrative department.",
    "timestamp": "2025-07-28T20:54:36.375Z"
  }
},
{
  "model": "lims.labaihistory",
  "pk": 23,
  "fields": {
    "user": 2,
    "question": "how many samples did we receive tis month",
    "answer": "This month, we have received 19 samples.",
    "timestamp": "2025-07-28T20:55:09.779Z"
  }
},
{
  "model": "lims.labaihistory",
  "pk": 24,
  "fields": {
    "user": 3,
    "question": "how many samples did we receive this month",
    "answer": "Based on your report, JaaGee Lab has received **19 samples** this month.\n\nAs a Lab Manager, tracking incoming sample volume is crucial for:\n\n1.  **Productivity Monitoring:** Compare this month's volume against previous months or set targets to assess throughput.\n2.  **Resource Allocation:** Evaluate if current staffing and equipment capacity are sufficient to handle this volume efficiently, especially concerning turnaround times (TAT).\n3.  **Revenue Projections:** Use sample volume to project revenue and manage operational costs.\n4.  **QC & Documentation:** Ensure all 19 samples are correctly registered in the LIMS (Lab Information Management System), labeled, and tracked through their analysis lifecycle for ISO 17025 compliance.\n\nDo you need to review the sample registration log or task assignments for these samples?",
    "timestamp": "2025-07-29T09:35:22.552Z"
  }
},
{
  "model": "lims.historicalcoainterpretation",
  "pk": 1,
  "fields": {
    "id": 2,
    "summary_text": "",
    "created_at": "2025-07-23T11:38:30.834Z",
    "updated_at": "2025-07-23T11:38:30.834Z",
    "client": 20,
    "history_date": "2025-07-23T11:38:31.900Z",
    "history_change_reason": null,
    "history_type": "+",
    "history_user": null
  }
},
{
  "model": "lims.historicalcoainterpretation",
  "pk": 2,
  "fields": {
    "id": 2,
    "summary_text": "The feed sample demonstrates excellent nutritional quality with very high protein content, making it highly valuable for supporting robust animal growth and development. However, its bulk density is comparatively low, which could reduce storage efficiency and potentially impact handling characteristics, though it does not compromise the feed's nutritional integrity or safety for consumption.",
    "created_at": "2025-07-23T11:38:30.834Z",
    "updated_at": "2025-07-23T11:38:40.265Z",
    "client": 20,
    "history_date": "2025-07-23T11:38:40.391Z",
    "history_change_reason": null,
    "history_type": "~",
    "history_user": null
  }
},
{
  "model": "lims.historicalcoainterpretation",
  "pk": 3,
  "fields": {
    "id": 2,
    "summary_text": "The feed sample demonstrates excellent nutritional quality with very high protein content, making it highly valuable for supporting robust animal growth and development. However, its bulk density is comparatively low, which could reduce storage efficiency and potentially impact handling characteristics, though it does not compromise the feed's nutritional integrity or safety for consumption.",
    "created_at": "2025-07-23T11:38:30.834Z",
    "updated_at": "2025-07-23T11:38:43.775Z",
    "client": 20,
    "history_date": "2025-07-23T11:38:43.905Z",
    "history_change_reason": null,
    "history_type": "~",
    "history_user": null
  }
},
{
  "model": "lims.historicalcoainterpretation",
  "pk": 4,
  "fields": {
    "id": 2,
    "summary_text": "The feed sample demonstrates excellent nutritional quality with very high protein content, making it highly valuable for supporting robust animal growth and development. However, its bulk density is comparatively low, which could reduce storage efficiency and potentially impact handling characteristics, though it does not compromise the feed's nutritional integrity or safety for consumption.",
    "created_at": "2025-07-23T11:38:30.834Z",
    "updated_at": "2025-07-23T11:38:43.775Z",
    "client": 20,
    "history_date": "2025-07-24T21:35:10.236Z",
    "history_change_reason": null,
    "history_type": "-",
    "history_user": 1
  }
},
{
  "model": "lims.historicalcoainterpretation",
  "pk": 5,
  "fields": {
    "id": 3,
    "summary_text": "",
    "created_at": "2025-07-25T10:09:12.231Z",
    "updated_at": "2025-07-25T10:09:12.231Z",
    "client": 25,
    "history_date": "2025-07-25T10:09:12.237Z",
    "history_change_reason": null,
    "history_type": "+",
    "history_user": 2
  }
},
{
  "model": "lims.historicalcoainterpretation",
  "pk": 6,
  "fields": {
    "id": 3,
    "summary_text": "The analyzed \"Fish\" sample exhibits a profile inconsistent with typical fish-derived products. The alarmingly low protein content, coupled with unusually high crude fiber and carbohydrates, strongly indicates substantial adulteration with non-fish, likely plant-based, materials. This severely compromises its expected nutritional quality as a protein source for feed or food applications. Additionally, the elevated moisture level raises significant concerns regarding microbial stability and shelf-life. This composition renders the product unsuitable for its likely intended use as a high-quality, concentrated protein ingredient.",
    "created_at": "2025-07-25T10:09:12.231Z",
    "updated_at": "2025-07-25T10:10:00.202Z",
    "client": 25,
    "history_date": "2025-07-25T10:10:00.358Z",
    "history_change_reason": null,
    "history_type": "~",
    "history_user": 2
  }
},
{
  "model": "lims.historicalcoainterpretation",
  "pk": 7,
  "fields": {
    "id": 3,
    "summary_text": "The analyzed \"Fish\" sample exhibits a profile inconsistent with typical fish-derived products. The alarmingly low protein content, coupled with unusually high crude fiber and carbohydrates, strongly indicates substantial adulteration with non-fish, likely plant-based, materials. This severely compromises its expected nutritional quality as a protein source for feed or food applications. Additionally, the elevated moisture level raises significant concerns regarding microbial stability and shelf-life. This composition renders the product unsuitable for its likely intended use as a high-quality, concentrated protein ingredient.",
    "created_at": "2025-07-25T10:09:12.231Z",
    "updated_at": "2025-07-25T10:10:16.997Z",
    "client": 25,
    "history_date": "2025-07-25T10:10:17.109Z",
    "history_change_reason": null,
    "history_type": "~",
    "history_user": 2
  }
},
{
  "model": "lims.coainterpretation",
  "pk": 1,
  "fields": {
    "client": 19,
    "summary_text": "The blood meal exhibits a lower-than-expected protein content, suggesting reduced nutritional efficacy as a high-protein animal feed ingredient. This may impact its value in feed formulations, potentially requiring higher inclusion rates or adjustments to achieve desired dietary protein levels. The diminished protein quality could be attributed to processing variations or the presence of non-protein diluents, affecting consistency and overall feed performance.",
    "created_at": "2025-07-20T20:14:26.095Z",
    "updated_at": "2025-07-20T20:24:24.531Z"
  }
},
{
  "model": "lims.coainterpretation",
  "pk": 3,
  "fields": {
    "client": 25,
    "summary_text": "The analyzed \"Fish\" sample exhibits a profile inconsistent with typical fish-derived products. The alarmingly low protein content, coupled with unusually high crude fiber and carbohydrates, strongly indicates substantial adulteration with non-fish, likely plant-based, materials. This severely compromises its expected nutritional quality as a protein source for feed or food applications. Additionally, the elevated moisture level raises significant concerns regarding microbial stability and shelf-life. This composition renders the product unsuitable for its likely intended use as a high-quality, concentrated protein ingredient.",
    "created_at": "2025-07-25T10:09:12.231Z",
    "updated_at": "2025-07-25T10:10:16.997Z"
  }
},
{
  "model": "admin.logentry",
  "pk": 1,
  "fields": {
    "action_time": "2025-07-16T21:37:13.087Z",
    "user": 1,
    "content_type": 26,
    "object_id": "1",
    "object_repr": "Manager",
    "action_flag": 1,
    "change_message": "[{\"added\": {}}]"
  }
},
{
  "model": "admin.logentry",
  "pk": 2,
  "fields": {
    "action_time": "2025-07-16T21:37:22.309Z",
    "user": 1,
    "content_type": 26,
    "object_id": "2",
    "object_repr": "Clerk",
    "action_flag": 1,
    "change_message": "[{\"added\": {}}]"
  }
},
{
  "model": "admin.logentry",
  "pk": 3,
  "fields": {
    "action_time": "2025-07-16T21:37:37.534Z",
    "user": 1,
    "content_type": 26,
    "object_id": "3",
    "object_repr": "Analyst",
    "action_flag": 1,
    "change_message": "[{\"added\": {}}]"
  }
},
{
  "model": "admin.logentry",
  "pk": 4,
  "fields": {
    "action_time": "2025-07-16T21:39:01.469Z",
    "user": 1,
    "content_type": 1,
    "object_id": "2",
    "object_repr": "analyst1",
    "action_flag": 1,
    "change_message": "[{\"added\": {}}]"
  }
},
{
  "model": "admin.logentry",
  "pk": 5,
  "fields": {
    "action_time": "2025-07-16T21:39:27.692Z",
    "user": 1,
    "content_type": 1,
    "object_id": "3",
    "object_repr": "manager1",
    "action_flag": 1,
    "change_message": "[{\"added\": {}}]"
  }
},
{
  "model": "admin.logentry",
  "pk": 6,
  "fields": {
    "action_time": "2025-07-16T21:39:51.275Z",
    "user": 1,
    "content_type": 1,
    "object_id": "4",
    "object_repr": "clerk1",
    "action_flag": 1,
    "change_message": "[{\"added\": {}}]"
  }
},
{
  "model": "admin.logentry",
  "pk": 7,
  "fields": {
    "action_time": "2025-07-16T21:40:05.083Z",
    "user": 1,
    "content_type": 1,
    "object_id": "4",
    "object_repr": "clerk1",
    "action_flag": 2,
    "change_message": "[{\"changed\": {\"fields\": [\"Groups\", \"User permissions\", \"Role\"]}}]"
  }
},
{
  "model": "admin.logentry",
  "pk": 8,
  "fields": {
    "action_time": "2025-07-16T21:40:31.606Z",
    "user": 1,
    "content_type": 1,
    "object_id": "2",
    "object_repr": "analyst1",
    "action_flag": 2,
    "change_message": "[{\"changed\": {\"fields\": [\"First name\", \"Last name\", \"Groups\", \"User permissions\", \"Role\"]}}]"
  }
},
{
  "model": "admin.logentry",
  "pk": 9,
  "fields": {
    "action_time": "2025-07-16T21:40:48.797Z",
    "user": 1,
    "content_type": 1,
    "object_id": "3",
    "object_repr": "manager1",
    "action_flag": 2,
    "change_message": "[{\"changed\": {\"fields\": [\"First name\", \"Groups\", \"User permissions\", \"Role\"]}}]"
  }
},
{
  "model": "admin.logentry",
  "pk": 10,
  "fields": {
    "action_time": "2025-07-17T10:09:59.399Z",
    "user": 1,
    "content_type": 6,
    "object_id": "32",
    "object_repr": "FRAB (Protein Digestibility)",
    "action_flag": 3,
    "change_message": ""
  }
},
{
  "model": "admin.logentry",
  "pk": 11,
  "fields": {
    "action_time": "2025-07-17T10:24:19.159Z",
    "user": 1,
    "content_type": 1,
    "object_id": "2",
    "object_repr": "analyst1",
    "action_flag": 2,
    "change_message": "[{\"changed\": {\"fields\": [\"Email address\"]}}]"
  }
},
{
  "model": "admin.logentry",
  "pk": 12,
  "fields": {
    "action_time": "2025-07-17T10:24:53.597Z",
    "user": 1,
    "content_type": 1,
    "object_id": "5",
    "object_repr": "analyst2",
    "action_flag": 1,
    "change_message": "[{\"added\": {}}]"
  }
},
{
  "model": "admin.logentry",
  "pk": 13,
  "fields": {
    "action_time": "2025-07-17T10:25:15.592Z",
    "user": 1,
    "content_type": 1,
    "object_id": "5",
    "object_repr": "analyst2",
    "action_flag": 2,
    "change_message": "[{\"changed\": {\"fields\": [\"Groups\", \"User permissions\", \"Role\"]}}]"
  }
},
{
  "model": "admin.logentry",
  "pk": 14,
  "fields": {
    "action_time": "2025-07-17T13:04:59.557Z",
    "user": 1,
    "content_type": 1,
    "object_id": "3",
    "object_repr": "manager1",
    "action_flag": 2,
    "change_message": "[{\"changed\": {\"fields\": [\"Email address\"]}}]"
  }
},
{
  "model": "admin.logentry",
  "pk": 15,
  "fields": {
    "action_time": "2025-07-17T13:47:24.214Z",
    "user": 1,
    "content_type": 1,
    "object_id": "3",
    "object_repr": "manager1",
    "action_flag": 2,
    "change_message": "[{\"changed\": {\"fields\": [\"password\"]}}]"
  }
},
{
  "model": "admin.logentry",
  "pk": 16,
  "fields": {
    "action_time": "2025-07-17T13:47:56.455Z",
    "user": 1,
    "content_type": 1,
    "object_id": "3",
    "object_repr": "manager",
    "action_flag": 2,
    "change_message": "[{\"changed\": {\"fields\": [\"Username\"]}}]"
  }
},
{
  "model": "admin.logentry",
  "pk": 17,
  "fields": {
    "action_time": "2025-07-17T13:55:48.207Z",
    "user": 1,
    "content_type": 1,
    "object_id": "5",
    "object_repr": "Olabisi",
    "action_flag": 2,
    "change_message": "[{\"changed\": {\"fields\": [\"Username\", \"First name\", \"Last name\", \"Email address\"]}}]"
  }
},
{
  "model": "admin.logentry",
  "pk": 18,
  "fields": {
    "action_time": "2025-07-17T13:56:06.116Z",
    "user": 1,
    "content_type": 1,
    "object_id": "2",
    "object_repr": "Isaac",
    "action_flag": 2,
    "change_message": "[{\"changed\": {\"fields\": [\"Username\"]}}]"
  }
},
{
  "model": "admin.logentry",
  "pk": 19,
  "fields": {
    "action_time": "2025-07-17T13:58:53.152Z",
    "user": 1,
    "content_type": 1,
    "object_id": "5",
    "object_repr": "Olabisi",
    "action_flag": 2,
    "change_message": "[{\"changed\": {\"fields\": [\"password\"]}}]"
  }
},
{
  "model": "admin.logentry",
  "pk": 20,
  "fields": {
    "action_time": "2025-07-17T13:59:06.181Z",
    "user": 1,
    "content_type": 1,
    "object_id": "5",
    "object_repr": "Olabisi",
    "action_flag": 2,
    "change_message": "[]"
  }
},
{
  "model": "admin.logentry",
  "pk": 21,
  "fields": {
    "action_time": "2025-07-17T13:59:39.065Z",
    "user": 1,
    "content_type": 1,
    "object_id": "2",
    "object_repr": "Isaac",
    "action_flag": 2,
    "change_message": "[{\"changed\": {\"fields\": [\"password\"]}}]"
  }
},
{
  "model": "admin.logentry",
  "pk": 22,
  "fields": {
    "action_time": "2025-07-17T13:59:43.356Z",
    "user": 1,
    "content_type": 1,
    "object_id": "2",
    "object_repr": "Isaac",
    "action_flag": 2,
    "change_message": "[]"
  }
},
{
  "model": "admin.logentry",
  "pk": 23,
  "fields": {
    "action_time": "2025-07-17T14:02:23.021Z",
    "user": 1,
    "content_type": 1,
    "object_id": "3",
    "object_repr": "manager",
    "action_flag": 2,
    "change_message": "[{\"changed\": {\"fields\": [\"password\"]}}]"
  }
},
{
  "model": "admin.logentry",
  "pk": 24,
  "fields": {
    "action_time": "2025-07-17T14:02:50.557Z",
    "user": 1,
    "content_type": 1,
    "object_id": "3",
    "object_repr": "manager",
    "action_flag": 2,
    "change_message": "[{\"changed\": {\"fields\": [\"First name\", \"Last name\", \"Email address\"]}}]"
  }
},
{
  "model": "admin.logentry",
  "pk": 25,
  "fields": {
    "action_time": "2025-07-17T14:03:27.857Z",
    "user": 1,
    "content_type": 1,
    "object_id": "4",
    "object_repr": "clerk1",
    "action_flag": 2,
    "change_message": "[{\"changed\": {\"fields\": [\"password\"]}}]"
  }
},
{
  "model": "admin.logentry",
  "pk": 26,
  "fields": {
    "action_time": "2025-07-17T14:03:39.495Z",
    "user": 1,
    "content_type": 1,
    "object_id": "4",
    "object_repr": "clerk",
    "action_flag": 2,
    "change_message": "[{\"changed\": {\"fields\": [\"Username\"]}}]"
  }
},
{
  "model": "admin.logentry",
  "pk": 27,
  "fields": {
    "action_time": "2025-07-17T14:30:51.638Z",
    "user": 1,
    "content_type": 3,
    "object_id": "12",
    "object_repr": "Isaac Nev (John Doe Limited)",
    "action_flag": 3,
    "change_message": ""
  }
},
{
  "model": "admin.logentry",
  "pk": 28,
  "fields": {
    "action_time": "2025-07-17T14:30:51.722Z",
    "user": 1,
    "content_type": 3,
    "object_id": "11",
    "object_repr": "Isaac Nev (John Doe Limited)",
    "action_flag": 3,
    "change_message": ""
  }
},
{
  "model": "admin.logentry",
  "pk": 29,
  "fields": {
    "action_time": "2025-07-17T14:30:51.812Z",
    "user": 1,
    "content_type": 3,
    "object_id": "10",
    "object_repr": "Isaac Nev (John Doe Limited)",
    "action_flag": 3,
    "change_message": ""
  }
},
{
  "model": "admin.logentry",
  "pk": 30,
  "fields": {
    "action_time": "2025-07-17T14:30:51.958Z",
    "user": 1,
    "content_type": 3,
    "object_id": "9",
    "object_repr": "Isaac Nev (John Doe Limited)",
    "action_flag": 3,
    "change_message": ""
  }
},
{
  "model": "admin.logentry",
  "pk": 31,
  "fields": {
    "action_time": "2025-07-17T14:30:52.072Z",
    "user": 1,
    "content_type": 3,
    "object_id": "8",
    "object_repr": "Isaac Nev (John Doe Limited)",
    "action_flag": 3,
    "change_message": ""
  }
},
{
  "model": "admin.logentry",
  "pk": 32,
  "fields": {
    "action_time": "2025-07-17T14:30:52.205Z",
    "user": 1,
    "content_type": 3,
    "object_id": "7",
    "object_repr": "Isaac Nev (John Doe Limited)",
    "action_flag": 3,
    "change_message": ""
  }
},
{
  "model": "admin.logentry",
  "pk": 33,
  "fields": {
    "action_time": "2025-07-17T14:30:52.322Z",
    "user": 1,
    "content_type": 3,
    "object_id": "6",
    "object_repr": "Isaac Nev (John Doe Limited)",
    "action_flag": 3,
    "change_message": ""
  }
},
{
  "model": "admin.logentry",
  "pk": 34,
  "fields": {
    "action_time": "2025-07-17T14:30:52.444Z",
    "user": 1,
    "content_type": 3,
    "object_id": "5",
    "object_repr": "Isaac Nev (John Doe Limited)",
    "action_flag": 3,
    "change_message": ""
  }
},
{
  "model": "admin.logentry",
  "pk": 35,
  "fields": {
    "action_time": "2025-07-17T14:30:52.680Z",
    "user": 1,
    "content_type": 3,
    "object_id": "4",
    "object_repr": "Isaac Nev (John Doe Limited)",
    "action_flag": 3,
    "change_message": ""
  }
},
{
  "model": "admin.logentry",
  "pk": 36,
  "fields": {
    "action_time": "2025-07-17T14:30:52.788Z",
    "user": 1,
    "content_type": 3,
    "object_id": "3",
    "object_repr": "Isaac Nev (John Doe Limited)",
    "action_flag": 3,
    "change_message": ""
  }
},
{
  "model": "admin.logentry",
  "pk": 37,
  "fields": {
    "action_time": "2025-07-17T14:30:52.923Z",
    "user": 1,
    "content_type": 3,
    "object_id": "2",
    "object_repr": "Isaac Nev (Personal)",
    "action_flag": 3,
    "change_message": ""
  }
},
{
  "model": "admin.logentry",
  "pk": 38,
  "fields": {
    "action_time": "2025-07-17T14:30:53.023Z",
    "user": 1,
    "content_type": 3,
    "object_id": "1",
    "object_repr": "Isaac Nev (Y)",
    "action_flag": 3,
    "change_message": ""
  }
},
{
  "model": "admin.logentry",
  "pk": 39,
  "fields": {
    "action_time": "2025-07-18T07:46:48.353Z",
    "user": 1,
    "content_type": 3,
    "object_id": "14",
    "object_repr": "Isaac Nev (John Doe Limited)",
    "action_flag": 3,
    "change_message": ""
  }
},
{
  "model": "admin.logentry",
  "pk": 40,
  "fields": {
    "action_time": "2025-07-18T08:23:57.841Z",
    "user": 1,
    "content_type": 1,
    "object_id": "3",
    "object_repr": "manager",
    "action_flag": 2,
    "change_message": "[{\"changed\": {\"fields\": [\"Email address\"]}}]"
  }
},
{
  "model": "admin.logentry",
  "pk": 41,
  "fields": {
    "action_time": "2025-07-18T15:09:10.785Z",
    "user": 1,
    "content_type": 1,
    "object_id": "3",
    "object_repr": "manager",
    "action_flag": 2,
    "change_message": "[]"
  }
},
{
  "model": "admin.logentry",
  "pk": 42,
  "fields": {
    "action_time": "2025-07-18T15:09:34.446Z",
    "user": 1,
    "content_type": 3,
    "object_id": "15",
    "object_repr": "Isaac Nev (d)",
    "action_flag": 3,
    "change_message": ""
  }
},
{
  "model": "admin.logentry",
  "pk": 43,
  "fields": {
    "action_time": "2025-07-18T15:09:34.531Z",
    "user": 1,
    "content_type": 3,
    "object_id": "13",
    "object_repr": "JUBRIL LAWAL IBRAHIM (NIOMR)",
    "action_flag": 3,
    "change_message": ""
  }
},
{
  "model": "admin.logentry",
  "pk": 44,
  "fields": {
    "action_time": "2025-07-18T15:32:57.773Z",
    "user": 1,
    "content_type": 1,
    "object_id": "6",
    "object_repr": "Stephen",
    "action_flag": 1,
    "change_message": "[{\"added\": {}}]"
  }
},
{
  "model": "admin.logentry",
  "pk": 45,
  "fields": {
    "action_time": "2025-07-18T15:33:30.081Z",
    "user": 1,
    "content_type": 1,
    "object_id": "6",
    "object_repr": "Stephen",
    "action_flag": 2,
    "change_message": "[{\"changed\": {\"fields\": [\"First name\", \"Last name\", \"Email address\", \"Groups\", \"User permissions\", \"Role\"]}}]"
  }
},
{
  "model": "admin.logentry",
  "pk": 46,
  "fields": {
    "action_time": "2025-07-24T11:48:30.542Z",
    "user": 1,
    "content_type": 1,
    "object_id": "3",
    "object_repr": "manager",
    "action_flag": 2,
    "change_message": "[{\"changed\": {\"fields\": [\"Email address\"]}}]"
  }
},
{
  "model": "admin.logentry",
  "pk": 47,
  "fields": {
    "action_time": "2025-07-24T20:39:16.708Z",
    "user": 1,
    "content_type": 1,
    "object_id": "3",
    "object_repr": "manager",
    "action_flag": 2,
    "change_message": "[{\"changed\": {\"fields\": [\"Email address\"]}}]"
  }
},
{
  "model": "admin.logentry",
  "pk": 48,
  "fields": {
    "action_time": "2025-07-24T21:35:09.801Z",
    "user": 1,
    "content_type": 3,
    "object_id": "22",
    "object_repr": "Isaac Nev (12)",
    "action_flag": 3,
    "change_message": ""
  }
},
{
  "model": "admin.logentry",
  "pk": 49,
  "fields": {
    "action_time": "2025-07-24T21:35:09.896Z",
    "user": 1,
    "content_type": 3,
    "object_id": "21",
    "object_repr": "Isaac Nev (1234)",
    "action_flag": 3,
    "change_message": ""
  }
},
{
  "model": "admin.logentry",
  "pk": 50,
  "fields": {
    "action_time": "2025-07-24T21:35:10.026Z",
    "user": 1,
    "content_type": 3,
    "object_id": "20",
    "object_repr": "Isaac Nev (w)",
    "action_flag": 3,
    "change_message": ""
  }
},
{
  "model": "admin.logentry",
  "pk": 51,
  "fields": {
    "action_time": "2025-07-24T21:45:28.328Z",
    "user": 1,
    "content_type": 3,
    "object_id": "24",
    "object_repr": "Isaac Nev (qq)",
    "action_flag": 3,
    "change_message": ""
  }
},
{
  "model": "auth.group",
  "pk": 1,
  "fields": {
    "name": "Manager",
    "permissions": [
      97,
      98,
      99,
      100,
      105,
      106,
      107,
      108,
      101,
      102,
      103,
      104,
      109,
      110,
      111,
      112,
      5,
      6,
      7,
      8,
      9,
      10,
      11,
      12,
      61,
      62,
      63,
      64,
      13,
      14,
      15,
      16,
      65,
      66,
      67,
      68,
      17,
      18,
      19,
      20,
      89,
      90,
      91,
      92,
      73,
      74,
      75,
      76,
      69,
      70,
      71,
      72,
      21,
      22,
      23,
      24,
      25,
      26,
      27,
      28,
      29,
      30,
      31,
      32,
      33,
      34,
      35,
      36,
      53,
      54,
      55,
      56,
      81,
      82,
      83,
      84,
      77,
      78,
      79,
      80,
      85,
      86,
      87,
      88,
      57,
      58,
      59,
      60,
      37,
      38,
      39,
      40,
      41,
      42,
      43,
      44,
      45,
      46,
      47,
      48,
      49,
      50,
      51,
      52,
      93,
      94,
      95,
      96,
      1,
      2,
      3,
      4
    ]
  }
},
{
  "model": "auth.group",
  "pk": 2,
  "fields": {
    "name": "Clerk",
    "permissions": [
      97,
      98,
      99,
      100,
      105,
      106,
      107,
      108,
      101,
      102,
      103,
      104,
      109,
      110,
      111,
      112,
      5,
      6,
      7,
      8,
      9,
      10,
      11,
      12,
      61,
      62,
      63,
      64,
      13,
      14,
      15,
      16,
      65,
      66,
      67,
      68,
      17,
      18,
      19,
      20,
      89,
      90,
      91,
      92,
      73,
      74,
      75,
      76,
      69,
      70,
      71,
      72,
      21,
      22,
      23,
      24,
      25,
      26,
      27,
      28,
      29,
      30,
      31,
      32,
      33,
      34,
      35,
      36,
      53,
      54,
      55,
      56,
      81,
      82,
      83,
      84,
      77,
      78,
      79,
      80,
      85,
      86,
      87,
      88,
      57,
      58,
      59,
      60,
      37,
      38,
      39,
      40,
      41,
      42,
      43,
      44,
      45,
      46,
      47,
      48,
      49,
      50,
      51,
      52,
      93,
      94,
      95,
      96,
      1,
      2,
      3,
      4
    ]
  }
},
{
  "model": "auth.group",
  "pk": 3,
  "fields": {
    "name": "Analyst",
    "permissions": [
      97,
      98,
      99,
      100,
      105,
      106,
      107,
      108,
      101,
      102,
      103,
      104,
      109,
      110,
      111,
      112,
      5,
      6,
      7,
      8,
      9,
      10,
      11,
      12,
      61,
      62,
      63,
      64,
      13,
      14,
      15,
      16,
      65,
      66,
      67,
      68,
      17,
      18,
      19,
      20,
      89,
      90,
      91,
      92,
      73,
      74,
      75,
      76,
      69,
      70,
      71,
      72,
      21,
      22,
      23,
      24,
      25,
      26,
      27,
      28,
      29,
      30,
      31,
      32,
      33,
      34,
      35,
      36,
      53,
      54,
      55,
      56,
      81,
      82,
      83,
      84,
      77,
      78,
      79,
      80,
      85,
      86,
      87,
      88,
      57,
      58,
      59,
      60,
      37,
      38,
      39,
      40,
      41,
      42,
      43,
      44,
      45,
      46,
      47,
      48,
      49,
      50,
      51,
      52,
      93,
      94,
      95,
      96,
      1,
      2,
      3,
      4
    ]
  }
},
{
  "model": "sessions.session",
  "pk": "1dk6ji0vn7n4mfb5sez8u6h9ayb7w321",
  "fields": {
    "session_data": ".eJxVjEEOwiAQRe_C2hAIDAWX7j0DmYFBqgaS0q6Md9cmXej2v_f-S0Tc1hq3wUucszgLLU6_G2F6cNtBvmO7dZl6W5eZ5K7Igw557Zmfl8P9O6g46rcGBYDeByRXvGEVjAaTUkDPjq3PiqwiJm2C8SEVdCHZoizABHnKTOL9AdbhN-g:1ud564:m-NS4_YNx8hWpn9k7oXRCggFlYCb627Xzx5dT-mPPbw",
    "expire_date": "2025-08-02T10:47:16.355Z"
  }
},
{
  "model": "sessions.session",
  "pk": "97f76220d3t4ptiaigo3ginzls3ic8xq",
  "fields": {
    "session_data": ".eJxVjEEOwiAQRe_C2hAIDAWX7j0DmYFBqgaS0q6Md9cmXej2v_f-S0Tc1hq3wUucszgLLU6_G2F6cNtBvmO7dZl6W5eZ5K7Igw557Zmfl8P9O6g46rcGBYDeByRXvGEVjAaTUkDPjq3PiqwiJm2C8SEVdCHZoizABHnKTOL9AdbhN-g:1ucn2s:MkuJh5a8vYJmt7JKVArqrmX8l-tqbwGlnGtVGM2Bl_A",
    "expire_date": "2025-08-01T15:30:46.017Z"
  }
},
{
  "model": "sessions.session",
  "pk": "n0pjuk6d57th6yftpc4knrlpgmrzht67",
  "fields": {
    "session_data": ".eJxVjEEOwiAQRe_C2hAIDAWX7j0DmYFBqgaS0q6Md9cmXej2v_f-S0Tc1hq3wUucszgLLU6_G2F6cNtBvmO7dZl6W5eZ5K7Igw557Zmfl8P9O6g46rcGBYDeByRXvGEVjAaTUkDPjq3PiqwiJm2C8SEVdCHZoizABHnKTOL9AdbhN-g:1uggxb:mBAC8sUfZ88FLmVDtx1mFr_0YOOW1RcW7ISgONrOwUs",
    "expire_date": "2025-08-12T09:49:27.534Z"
  }
},
{
  "model": "sessions.session",
  "pk": "nrljlu3l4uxp9u19p4q7qvd3kebc22pw",
  "fields": {
    "session_data": ".eJxVjDsOwjAQBe_iGlnejX9Q0nMGa21vcADZUpxUiLuTSCmgfTPz3iLQupSwdp7DlMVFDOL0u0VKT647yA-q9yZTq8s8Rbkr8qBd3lrm1_Vw_w4K9bLVlhnQjBjHhMqclTaWCUANGsjGDbgE4MBZxx68tTplQ0kjosueEcXnC8XVNtM:1ucgyi:F_BW5k2Xvd6WUYF3CoW7qeBiXv3YSl-plDOYcerMiyM",
    "expire_date": "2025-08-01T09:02:04.600Z"
  }
},
{
  "model": "sessions.session",
  "pk": "oxvmrmbkrd9bsl2jmlpsbqbxgxd638di",
  "fields": {
    "session_data": ".eJxVjEEOwiAQRe_C2pAyBcq4dO8ZCDCDVA0kpV0Z765NutDtf-_9l_BhW4vfOi9-JnEWIE6_WwzpwXUHdA_11mRqdV3mKHdFHrTLayN-Xg7376CEXr4159FpRO04mWFCZbLTTtsMNGkCslYpQJcSMmQKWY2EJqqoIMNgAmnx_gDNMTeK:1ugUrS:zknNNEpI04kmRinFaz8vIdox4cjXohjr7eGSFU-8sNU",
    "expire_date": "2025-08-11T20:54:18.735Z"
  }
}
]
